/*--------------------------------*- C++ -*----------------------------------*\
  =========                 |
  \\      /  F ield         | OpenFOAM: The Open Source CFD Toolbox
   \\    /   O peration     | Website:  https://openfoam.org
    \\  /    A nd           | Version:  10
     \\/     M anipulation  |
\*---------------------------------------------------------------------------*/
FoamFile
{
    format      ascii;
    class       vectorField;
    location    "constant/polyMesh";
    object      points;
}
// * * * * * * * * * * * * * * * * * * * * * * * * * * * * * * * * * * * * * //


8282
(
(0 0 0)
(0.001 0 0)
(0.002 0 0)
(0.003 0 0)
(0.004 0 0)
(0.005 0 0)
(0.006 0 0)
(0.007 0 0)
(0.008 0 0)
(0.009 0 0)
(0.01 0 0)
(0.011 0 0)
(0.012 0 0)
(0.013 0 0)
(0.014 0 0)
(0.015 0 0)
(0.016 0 0)
(0.017 0 0)
(0.018 0 0)
(0.019 0 0)
(0.02 0 0)
(0.021 0 0)
(0.022 0 0)
(0.023 0 0)
(0.024 0 0)
(0.025 0 0)
(0.026 0 0)
(0.027 0 0)
(0.028 0 0)
(0.029 0 0)
(0.03 0 0)
(0.031 0 0)
(0.032 0 0)
(0.033 0 0)
(0.034 0 0)
(0.035 0 0)
(0.036 0 0)
(0.037 0 0)
(0.038 0 0)
(0.039 0 0)
(0.04 0 0)
(0.041 0 0)
(0.042 0 0)
(0.043 0 0)
(0.044 0 0)
(0.045 0 0)
(0.046 0 0)
(0.047 0 0)
(0.048 0 0)
(0.049 0 0)
(0.05 0 0)
(0.051 0 0)
(0.052 0 0)
(0.053 0 0)
(0.054 0 0)
(0.055 0 0)
(0.056 0 0)
(0.057 0 0)
(0.058 0 0)
(0.059 0 0)
(0.06 0 0)
(0.061 0 0)
(0.062 0 0)
(0.063 0 0)
(0.064 0 0)
(0.065 0 0)
(0.066 0 0)
(0.067 0 0)
(0.068 0 0)
(0.069 0 0)
(0.07 0 0)
(0.071 0 0)
(0.072 0 0)
(0.073 0 0)
(0.074 0 0)
(0.075 0 0)
(0.076 0 0)
(0.077 0 0)
(0.078 0 0)
(0.079 0 0)
(0.08 0 0)
(0.081 0 0)
(0.082 0 0)
(0.083 0 0)
(0.084 0 0)
(0.085 0 0)
(0.086 0 0)
(0.087 0 0)
(0.088 0 0)
(0.089 0 0)
(0.09 0 0)
(0.091 0 0)
(0.092 0 0)
(0.093 0 0)
(0.094 0 0)
(0.095 0 0)
(0.096 0 0)
(0.097 0 0)
(0.098 0 0)
(0.099 0 0)
(0.1 0 0)
(0 0.001 0)
(0.001 0.001 0)
(0.002 0.001 0)
(0.003 0.001 0)
(0.004 0.001 0)
(0.005 0.001 0)
(0.006 0.001 0)
(0.007 0.001 0)
(0.008 0.001 0)
(0.009 0.001 0)
(0.01 0.001 0)
(0.011 0.001 0)
(0.012 0.001 0)
(0.013 0.001 0)
(0.014 0.001 0)
(0.015 0.001 0)
(0.016 0.001 0)
(0.017 0.001 0)
(0.018 0.001 0)
(0.019 0.001 0)
(0.02 0.001 0)
(0.021 0.001 0)
(0.022 0.001 0)
(0.023 0.001 0)
(0.024 0.001 0)
(0.025 0.001 0)
(0.026 0.001 0)
(0.027 0.001 0)
(0.028 0.001 0)
(0.029 0.001 0)
(0.03 0.001 0)
(0.031 0.001 0)
(0.032 0.001 0)
(0.033 0.001 0)
(0.034 0.001 0)
(0.035 0.001 0)
(0.036 0.001 0)
(0.037 0.001 0)
(0.038 0.001 0)
(0.039 0.001 0)
(0.04 0.001 0)
(0.041 0.001 0)
(0.042 0.001 0)
(0.043 0.001 0)
(0.044 0.001 0)
(0.045 0.001 0)
(0.046 0.001 0)
(0.047 0.001 0)
(0.048 0.001 0)
(0.049 0.001 0)
(0.05 0.001 0)
(0.051 0.001 0)
(0.052 0.001 0)
(0.053 0.001 0)
(0.054 0.001 0)
(0.055 0.001 0)
(0.056 0.001 0)
(0.057 0.001 0)
(0.058 0.001 0)
(0.059 0.001 0)
(0.06 0.001 0)
(0.061 0.001 0)
(0.062 0.001 0)
(0.063 0.001 0)
(0.064 0.001 0)
(0.065 0.001 0)
(0.066 0.001 0)
(0.067 0.001 0)
(0.068 0.001 0)
(0.069 0.001 0)
(0.07 0.001 0)
(0.071 0.001 0)
(0.072 0.001 0)
(0.073 0.001 0)
(0.074 0.001 0)
(0.075 0.001 0)
(0.076 0.001 0)
(0.077 0.001 0)
(0.078 0.001 0)
(0.079 0.001 0)
(0.08 0.001 0)
(0.081 0.001 0)
(0.082 0.001 0)
(0.083 0.001 0)
(0.084 0.001 0)
(0.085 0.001 0)
(0.086 0.001 0)
(0.087 0.001 0)
(0.088 0.001 0)
(0.089 0.001 0)
(0.09 0.001 0)
(0.091 0.001 0)
(0.092 0.001 0)
(0.093 0.001 0)
(0.094 0.001 0)
(0.095 0.001 0)
(0.096 0.001 0)
(0.097 0.001 0)
(0.098 0.001 0)
(0.099 0.001 0)
(0.1 0.001 0)
(0 0.002 0)
(0.001 0.002 0)
(0.002 0.002 0)
(0.003 0.002 0)
(0.004 0.002 0)
(0.005 0.002 0)
(0.006 0.002 0)
(0.007 0.002 0)
(0.008 0.002 0)
(0.009 0.002 0)
(0.01 0.002 0)
(0.011 0.002 0)
(0.012 0.002 0)
(0.013 0.002 0)
(0.014 0.002 0)
(0.015 0.002 0)
(0.016 0.002 0)
(0.017 0.002 0)
(0.018 0.002 0)
(0.019 0.002 0)
(0.02 0.002 0)
(0.021 0.002 0)
(0.022 0.002 0)
(0.023 0.002 0)
(0.024 0.002 0)
(0.025 0.002 0)
(0.026 0.002 0)
(0.027 0.002 0)
(0.028 0.002 0)
(0.029 0.002 0)
(0.03 0.002 0)
(0.031 0.002 0)
(0.032 0.002 0)
(0.033 0.002 0)
(0.034 0.002 0)
(0.035 0.002 0)
(0.036 0.002 0)
(0.037 0.002 0)
(0.038 0.002 0)
(0.039 0.002 0)
(0.04 0.002 0)
(0.041 0.002 0)
(0.042 0.002 0)
(0.043 0.002 0)
(0.044 0.002 0)
(0.045 0.002 0)
(0.046 0.002 0)
(0.047 0.002 0)
(0.048 0.002 0)
(0.049 0.002 0)
(0.05 0.002 0)
(0.051 0.002 0)
(0.052 0.002 0)
(0.053 0.002 0)
(0.054 0.002 0)
(0.055 0.002 0)
(0.056 0.002 0)
(0.057 0.002 0)
(0.058 0.002 0)
(0.059 0.002 0)
(0.06 0.002 0)
(0.061 0.002 0)
(0.062 0.002 0)
(0.063 0.002 0)
(0.064 0.002 0)
(0.065 0.002 0)
(0.066 0.002 0)
(0.067 0.002 0)
(0.068 0.002 0)
(0.069 0.002 0)
(0.07 0.002 0)
(0.071 0.002 0)
(0.072 0.002 0)
(0.073 0.002 0)
(0.074 0.002 0)
(0.075 0.002 0)
(0.076 0.002 0)
(0.077 0.002 0)
(0.078 0.002 0)
(0.079 0.002 0)
(0.08 0.002 0)
(0.081 0.002 0)
(0.082 0.002 0)
(0.083 0.002 0)
(0.084 0.002 0)
(0.085 0.002 0)
(0.086 0.002 0)
(0.087 0.002 0)
(0.088 0.002 0)
(0.089 0.002 0)
(0.09 0.002 0)
(0.091 0.002 0)
(0.092 0.002 0)
(0.093 0.002 0)
(0.094 0.002 0)
(0.095 0.002 0)
(0.096 0.002 0)
(0.097 0.002 0)
(0.098 0.002 0)
(0.099 0.002 0)
(0.1 0.002 0)
(0 0.003 0)
(0.001 0.003 0)
(0.002 0.003 0)
(0.003 0.003 0)
(0.004 0.003 0)
(0.005 0.003 0)
(0.006 0.003 0)
(0.007 0.003 0)
(0.008 0.003 0)
(0.009 0.003 0)
(0.01 0.003 0)
(0.011 0.003 0)
(0.012 0.003 0)
(0.013 0.003 0)
(0.014 0.003 0)
(0.015 0.003 0)
(0.016 0.003 0)
(0.017 0.003 0)
(0.018 0.003 0)
(0.019 0.003 0)
(0.02 0.003 0)
(0.021 0.003 0)
(0.022 0.003 0)
(0.023 0.003 0)
(0.024 0.003 0)
(0.025 0.003 0)
(0.026 0.003 0)
(0.027 0.003 0)
(0.028 0.003 0)
(0.029 0.003 0)
(0.03 0.003 0)
(0.031 0.003 0)
(0.032 0.003 0)
(0.033 0.003 0)
(0.034 0.003 0)
(0.035 0.003 0)
(0.036 0.003 0)
(0.037 0.003 0)
(0.038 0.003 0)
(0.039 0.003 0)
(0.04 0.003 0)
(0.041 0.003 0)
(0.042 0.003 0)
(0.043 0.003 0)
(0.044 0.003 0)
(0.045 0.003 0)
(0.046 0.003 0)
(0.047 0.003 0)
(0.048 0.003 0)
(0.049 0.003 0)
(0.05 0.003 0)
(0.051 0.003 0)
(0.052 0.003 0)
(0.053 0.003 0)
(0.054 0.003 0)
(0.055 0.003 0)
(0.056 0.003 0)
(0.057 0.003 0)
(0.058 0.003 0)
(0.059 0.003 0)
(0.06 0.003 0)
(0.061 0.003 0)
(0.062 0.003 0)
(0.063 0.003 0)
(0.064 0.003 0)
(0.065 0.003 0)
(0.066 0.003 0)
(0.067 0.003 0)
(0.068 0.003 0)
(0.069 0.003 0)
(0.07 0.003 0)
(0.071 0.003 0)
(0.072 0.003 0)
(0.073 0.003 0)
(0.074 0.003 0)
(0.075 0.003 0)
(0.076 0.003 0)
(0.077 0.003 0)
(0.078 0.003 0)
(0.079 0.003 0)
(0.08 0.003 0)
(0.081 0.003 0)
(0.082 0.003 0)
(0.083 0.003 0)
(0.084 0.003 0)
(0.085 0.003 0)
(0.086 0.003 0)
(0.087 0.003 0)
(0.088 0.003 0)
(0.089 0.003 0)
(0.09 0.003 0)
(0.091 0.003 0)
(0.092 0.003 0)
(0.093 0.003 0)
(0.094 0.003 0)
(0.095 0.003 0)
(0.096 0.003 0)
(0.097 0.003 0)
(0.098 0.003 0)
(0.099 0.003 0)
(0.1 0.003 0)
(0 0.004 0)
(0.001 0.004 0)
(0.002 0.004 0)
(0.003 0.004 0)
(0.004 0.004 0)
(0.005 0.004 0)
(0.006 0.004 0)
(0.007 0.004 0)
(0.008 0.004 0)
(0.009 0.004 0)
(0.01 0.004 0)
(0.011 0.004 0)
(0.012 0.004 0)
(0.013 0.004 0)
(0.014 0.004 0)
(0.015 0.004 0)
(0.016 0.004 0)
(0.017 0.004 0)
(0.018 0.004 0)
(0.019 0.004 0)
(0.02 0.004 0)
(0.021 0.004 0)
(0.022 0.004 0)
(0.023 0.004 0)
(0.024 0.004 0)
(0.025 0.004 0)
(0.026 0.004 0)
(0.027 0.004 0)
(0.028 0.004 0)
(0.029 0.004 0)
(0.03 0.004 0)
(0.031 0.004 0)
(0.032 0.004 0)
(0.033 0.004 0)
(0.034 0.004 0)
(0.035 0.004 0)
(0.036 0.004 0)
(0.037 0.004 0)
(0.038 0.004 0)
(0.039 0.004 0)
(0.04 0.004 0)
(0.041 0.004 0)
(0.042 0.004 0)
(0.043 0.004 0)
(0.044 0.004 0)
(0.045 0.004 0)
(0.046 0.004 0)
(0.047 0.004 0)
(0.048 0.004 0)
(0.049 0.004 0)
(0.05 0.004 0)
(0.051 0.004 0)
(0.052 0.004 0)
(0.053 0.004 0)
(0.054 0.004 0)
(0.055 0.004 0)
(0.056 0.004 0)
(0.057 0.004 0)
(0.058 0.004 0)
(0.059 0.004 0)
(0.06 0.004 0)
(0.061 0.004 0)
(0.062 0.004 0)
(0.063 0.004 0)
(0.064 0.004 0)
(0.065 0.004 0)
(0.066 0.004 0)
(0.067 0.004 0)
(0.068 0.004 0)
(0.069 0.004 0)
(0.07 0.004 0)
(0.071 0.004 0)
(0.072 0.004 0)
(0.073 0.004 0)
(0.074 0.004 0)
(0.075 0.004 0)
(0.076 0.004 0)
(0.077 0.004 0)
(0.078 0.004 0)
(0.079 0.004 0)
(0.08 0.004 0)
(0.081 0.004 0)
(0.082 0.004 0)
(0.083 0.004 0)
(0.084 0.004 0)
(0.085 0.004 0)
(0.086 0.004 0)
(0.087 0.004 0)
(0.088 0.004 0)
(0.089 0.004 0)
(0.09 0.004 0)
(0.091 0.004 0)
(0.092 0.004 0)
(0.093 0.004 0)
(0.094 0.004 0)
(0.095 0.004 0)
(0.096 0.004 0)
(0.097 0.004 0)
(0.098 0.004 0)
(0.099 0.004 0)
(0.1 0.004 0)
(0 0.005 0)
(0.001 0.005 0)
(0.002 0.005 0)
(0.003 0.005 0)
(0.004 0.005 0)
(0.005 0.005 0)
(0.006 0.005 0)
(0.007 0.005 0)
(0.008 0.005 0)
(0.009 0.005 0)
(0.01 0.005 0)
(0.011 0.005 0)
(0.012 0.005 0)
(0.013 0.005 0)
(0.014 0.005 0)
(0.015 0.005 0)
(0.016 0.005 0)
(0.017 0.005 0)
(0.018 0.005 0)
(0.019 0.005 0)
(0.02 0.005 0)
(0.021 0.005 0)
(0.022 0.005 0)
(0.023 0.005 0)
(0.024 0.005 0)
(0.025 0.005 0)
(0.026 0.005 0)
(0.027 0.005 0)
(0.028 0.005 0)
(0.029 0.005 0)
(0.03 0.005 0)
(0.031 0.005 0)
(0.032 0.005 0)
(0.033 0.005 0)
(0.034 0.005 0)
(0.035 0.005 0)
(0.036 0.005 0)
(0.037 0.005 0)
(0.038 0.005 0)
(0.039 0.005 0)
(0.04 0.005 0)
(0.041 0.005 0)
(0.042 0.005 0)
(0.043 0.005 0)
(0.044 0.005 0)
(0.045 0.005 0)
(0.046 0.005 0)
(0.047 0.005 0)
(0.048 0.005 0)
(0.049 0.005 0)
(0.05 0.005 0)
(0.051 0.005 0)
(0.052 0.005 0)
(0.053 0.005 0)
(0.054 0.005 0)
(0.055 0.005 0)
(0.056 0.005 0)
(0.057 0.005 0)
(0.058 0.005 0)
(0.059 0.005 0)
(0.06 0.005 0)
(0.061 0.005 0)
(0.062 0.005 0)
(0.063 0.005 0)
(0.064 0.005 0)
(0.065 0.005 0)
(0.066 0.005 0)
(0.067 0.005 0)
(0.068 0.005 0)
(0.069 0.005 0)
(0.07 0.005 0)
(0.071 0.005 0)
(0.072 0.005 0)
(0.073 0.005 0)
(0.074 0.005 0)
(0.075 0.005 0)
(0.076 0.005 0)
(0.077 0.005 0)
(0.078 0.005 0)
(0.079 0.005 0)
(0.08 0.005 0)
(0.081 0.005 0)
(0.082 0.005 0)
(0.083 0.005 0)
(0.084 0.005 0)
(0.085 0.005 0)
(0.086 0.005 0)
(0.087 0.005 0)
(0.088 0.005 0)
(0.089 0.005 0)
(0.09 0.005 0)
(0.091 0.005 0)
(0.092 0.005 0)
(0.093 0.005 0)
(0.094 0.005 0)
(0.095 0.005 0)
(0.096 0.005 0)
(0.097 0.005 0)
(0.098 0.005 0)
(0.099 0.005 0)
(0.1 0.005 0)
(0 0.006 0)
(0.001 0.006 0)
(0.002 0.006 0)
(0.003 0.006 0)
(0.004 0.006 0)
(0.005 0.006 0)
(0.006 0.006 0)
(0.007 0.006 0)
(0.008 0.006 0)
(0.009 0.006 0)
(0.01 0.006 0)
(0.011 0.006 0)
(0.012 0.006 0)
(0.013 0.006 0)
(0.014 0.006 0)
(0.015 0.006 0)
(0.016 0.006 0)
(0.017 0.006 0)
(0.018 0.006 0)
(0.019 0.006 0)
(0.02 0.006 0)
(0.021 0.006 0)
(0.022 0.006 0)
(0.023 0.006 0)
(0.024 0.006 0)
(0.025 0.006 0)
(0.026 0.006 0)
(0.027 0.006 0)
(0.028 0.006 0)
(0.029 0.006 0)
(0.03 0.006 0)
(0.031 0.006 0)
(0.032 0.006 0)
(0.033 0.006 0)
(0.034 0.006 0)
(0.035 0.006 0)
(0.036 0.006 0)
(0.037 0.006 0)
(0.038 0.006 0)
(0.039 0.006 0)
(0.04 0.006 0)
(0.041 0.006 0)
(0.042 0.006 0)
(0.043 0.006 0)
(0.044 0.006 0)
(0.045 0.006 0)
(0.046 0.006 0)
(0.047 0.006 0)
(0.048 0.006 0)
(0.049 0.006 0)
(0.05 0.006 0)
(0.051 0.006 0)
(0.052 0.006 0)
(0.053 0.006 0)
(0.054 0.006 0)
(0.055 0.006 0)
(0.056 0.006 0)
(0.057 0.006 0)
(0.058 0.006 0)
(0.059 0.006 0)
(0.06 0.006 0)
(0.061 0.006 0)
(0.062 0.006 0)
(0.063 0.006 0)
(0.064 0.006 0)
(0.065 0.006 0)
(0.066 0.006 0)
(0.067 0.006 0)
(0.068 0.006 0)
(0.069 0.006 0)
(0.07 0.006 0)
(0.071 0.006 0)
(0.072 0.006 0)
(0.073 0.006 0)
(0.074 0.006 0)
(0.075 0.006 0)
(0.076 0.006 0)
(0.077 0.006 0)
(0.078 0.006 0)
(0.079 0.006 0)
(0.08 0.006 0)
(0.081 0.006 0)
(0.082 0.006 0)
(0.083 0.006 0)
(0.084 0.006 0)
(0.085 0.006 0)
(0.086 0.006 0)
(0.087 0.006 0)
(0.088 0.006 0)
(0.089 0.006 0)
(0.09 0.006 0)
(0.091 0.006 0)
(0.092 0.006 0)
(0.093 0.006 0)
(0.094 0.006 0)
(0.095 0.006 0)
(0.096 0.006 0)
(0.097 0.006 0)
(0.098 0.006 0)
(0.099 0.006 0)
(0.1 0.006 0)
(0 0.007 0)
(0.001 0.007 0)
(0.002 0.007 0)
(0.003 0.007 0)
(0.004 0.007 0)
(0.005 0.007 0)
(0.006 0.007 0)
(0.007 0.007 0)
(0.008 0.007 0)
(0.009 0.007 0)
(0.01 0.007 0)
(0.011 0.007 0)
(0.012 0.007 0)
(0.013 0.007 0)
(0.014 0.007 0)
(0.015 0.007 0)
(0.016 0.007 0)
(0.017 0.007 0)
(0.018 0.007 0)
(0.019 0.007 0)
(0.02 0.007 0)
(0.021 0.007 0)
(0.022 0.007 0)
(0.023 0.007 0)
(0.024 0.007 0)
(0.025 0.007 0)
(0.026 0.007 0)
(0.027 0.007 0)
(0.028 0.007 0)
(0.029 0.007 0)
(0.03 0.007 0)
(0.031 0.007 0)
(0.032 0.007 0)
(0.033 0.007 0)
(0.034 0.007 0)
(0.035 0.007 0)
(0.036 0.007 0)
(0.037 0.007 0)
(0.038 0.007 0)
(0.039 0.007 0)
(0.04 0.007 0)
(0.041 0.007 0)
(0.042 0.007 0)
(0.043 0.007 0)
(0.044 0.007 0)
(0.045 0.007 0)
(0.046 0.007 0)
(0.047 0.007 0)
(0.048 0.007 0)
(0.049 0.007 0)
(0.05 0.007 0)
(0.051 0.007 0)
(0.052 0.007 0)
(0.053 0.007 0)
(0.054 0.007 0)
(0.055 0.007 0)
(0.056 0.007 0)
(0.057 0.007 0)
(0.058 0.007 0)
(0.059 0.007 0)
(0.06 0.007 0)
(0.061 0.007 0)
(0.062 0.007 0)
(0.063 0.007 0)
(0.064 0.007 0)
(0.065 0.007 0)
(0.066 0.007 0)
(0.067 0.007 0)
(0.068 0.007 0)
(0.069 0.007 0)
(0.07 0.007 0)
(0.071 0.007 0)
(0.072 0.007 0)
(0.073 0.007 0)
(0.074 0.007 0)
(0.075 0.007 0)
(0.076 0.007 0)
(0.077 0.007 0)
(0.078 0.007 0)
(0.079 0.007 0)
(0.08 0.007 0)
(0.081 0.007 0)
(0.082 0.007 0)
(0.083 0.007 0)
(0.084 0.007 0)
(0.085 0.007 0)
(0.086 0.007 0)
(0.087 0.007 0)
(0.088 0.007 0)
(0.089 0.007 0)
(0.09 0.007 0)
(0.091 0.007 0)
(0.092 0.007 0)
(0.093 0.007 0)
(0.094 0.007 0)
(0.095 0.007 0)
(0.096 0.007 0)
(0.097 0.007 0)
(0.098 0.007 0)
(0.099 0.007 0)
(0.1 0.007 0)
(0 0.008 0)
(0.001 0.008 0)
(0.002 0.008 0)
(0.003 0.008 0)
(0.004 0.008 0)
(0.005 0.008 0)
(0.006 0.008 0)
(0.007 0.008 0)
(0.008 0.008 0)
(0.009 0.008 0)
(0.01 0.008 0)
(0.011 0.008 0)
(0.012 0.008 0)
(0.013 0.008 0)
(0.014 0.008 0)
(0.015 0.008 0)
(0.016 0.008 0)
(0.017 0.008 0)
(0.018 0.008 0)
(0.019 0.008 0)
(0.02 0.008 0)
(0.021 0.008 0)
(0.022 0.008 0)
(0.023 0.008 0)
(0.024 0.008 0)
(0.025 0.008 0)
(0.026 0.008 0)
(0.027 0.008 0)
(0.028 0.008 0)
(0.029 0.008 0)
(0.03 0.008 0)
(0.031 0.008 0)
(0.032 0.008 0)
(0.033 0.008 0)
(0.034 0.008 0)
(0.035 0.008 0)
(0.036 0.008 0)
(0.037 0.008 0)
(0.038 0.008 0)
(0.039 0.008 0)
(0.04 0.008 0)
(0.041 0.008 0)
(0.042 0.008 0)
(0.043 0.008 0)
(0.044 0.008 0)
(0.045 0.008 0)
(0.046 0.008 0)
(0.047 0.008 0)
(0.048 0.008 0)
(0.049 0.008 0)
(0.05 0.008 0)
(0.051 0.008 0)
(0.052 0.008 0)
(0.053 0.008 0)
(0.054 0.008 0)
(0.055 0.008 0)
(0.056 0.008 0)
(0.057 0.008 0)
(0.058 0.008 0)
(0.059 0.008 0)
(0.06 0.008 0)
(0.061 0.008 0)
(0.062 0.008 0)
(0.063 0.008 0)
(0.064 0.008 0)
(0.065 0.008 0)
(0.066 0.008 0)
(0.067 0.008 0)
(0.068 0.008 0)
(0.069 0.008 0)
(0.07 0.008 0)
(0.071 0.008 0)
(0.072 0.008 0)
(0.073 0.008 0)
(0.074 0.008 0)
(0.075 0.008 0)
(0.076 0.008 0)
(0.077 0.008 0)
(0.078 0.008 0)
(0.079 0.008 0)
(0.08 0.008 0)
(0.081 0.008 0)
(0.082 0.008 0)
(0.083 0.008 0)
(0.084 0.008 0)
(0.085 0.008 0)
(0.086 0.008 0)
(0.087 0.008 0)
(0.088 0.008 0)
(0.089 0.008 0)
(0.09 0.008 0)
(0.091 0.008 0)
(0.092 0.008 0)
(0.093 0.008 0)
(0.094 0.008 0)
(0.095 0.008 0)
(0.096 0.008 0)
(0.097 0.008 0)
(0.098 0.008 0)
(0.099 0.008 0)
(0.1 0.008 0)
(0 0.009 0)
(0.001 0.009 0)
(0.002 0.009 0)
(0.003 0.009 0)
(0.004 0.009 0)
(0.005 0.009 0)
(0.006 0.009 0)
(0.007 0.009 0)
(0.008 0.009 0)
(0.009 0.009 0)
(0.01 0.009 0)
(0.011 0.009 0)
(0.012 0.009 0)
(0.013 0.009 0)
(0.014 0.009 0)
(0.015 0.009 0)
(0.016 0.009 0)
(0.017 0.009 0)
(0.018 0.009 0)
(0.019 0.009 0)
(0.02 0.009 0)
(0.021 0.009 0)
(0.022 0.009 0)
(0.023 0.009 0)
(0.024 0.009 0)
(0.025 0.009 0)
(0.026 0.009 0)
(0.027 0.009 0)
(0.028 0.009 0)
(0.029 0.009 0)
(0.03 0.009 0)
(0.031 0.009 0)
(0.032 0.009 0)
(0.033 0.009 0)
(0.034 0.009 0)
(0.035 0.009 0)
(0.036 0.009 0)
(0.037 0.009 0)
(0.038 0.009 0)
(0.039 0.009 0)
(0.04 0.009 0)
(0.041 0.009 0)
(0.042 0.009 0)
(0.043 0.009 0)
(0.044 0.009 0)
(0.045 0.009 0)
(0.046 0.009 0)
(0.047 0.009 0)
(0.048 0.009 0)
(0.049 0.009 0)
(0.05 0.009 0)
(0.051 0.009 0)
(0.052 0.009 0)
(0.053 0.009 0)
(0.054 0.009 0)
(0.055 0.009 0)
(0.056 0.009 0)
(0.057 0.009 0)
(0.058 0.009 0)
(0.059 0.009 0)
(0.06 0.009 0)
(0.061 0.009 0)
(0.062 0.009 0)
(0.063 0.009 0)
(0.064 0.009 0)
(0.065 0.009 0)
(0.066 0.009 0)
(0.067 0.009 0)
(0.068 0.009 0)
(0.069 0.009 0)
(0.07 0.009 0)
(0.071 0.009 0)
(0.072 0.009 0)
(0.073 0.009 0)
(0.074 0.009 0)
(0.075 0.009 0)
(0.076 0.009 0)
(0.077 0.009 0)
(0.078 0.009 0)
(0.079 0.009 0)
(0.08 0.009 0)
(0.081 0.009 0)
(0.082 0.009 0)
(0.083 0.009 0)
(0.084 0.009 0)
(0.085 0.009 0)
(0.086 0.009 0)
(0.087 0.009 0)
(0.088 0.009 0)
(0.089 0.009 0)
(0.09 0.009 0)
(0.091 0.009 0)
(0.092 0.009 0)
(0.093 0.009 0)
(0.094 0.009 0)
(0.095 0.009 0)
(0.096 0.009 0)
(0.097 0.009 0)
(0.098 0.009 0)
(0.099 0.009 0)
(0.1 0.009 0)
(0 0.01 0)
(0.001 0.01 0)
(0.002 0.01 0)
(0.003 0.01 0)
(0.004 0.01 0)
(0.005 0.01 0)
(0.006 0.01 0)
(0.007 0.01 0)
(0.008 0.01 0)
(0.009 0.01 0)
(0.01 0.01 0)
(0.011 0.01 0)
(0.012 0.01 0)
(0.013 0.01 0)
(0.014 0.01 0)
(0.015 0.01 0)
(0.016 0.01 0)
(0.017 0.01 0)
(0.018 0.01 0)
(0.019 0.01 0)
(0.02 0.01 0)
(0.021 0.01 0)
(0.022 0.01 0)
(0.023 0.01 0)
(0.024 0.01 0)
(0.025 0.01 0)
(0.026 0.01 0)
(0.027 0.01 0)
(0.028 0.01 0)
(0.029 0.01 0)
(0.03 0.01 0)
(0.031 0.01 0)
(0.032 0.01 0)
(0.033 0.01 0)
(0.034 0.01 0)
(0.035 0.01 0)
(0.036 0.01 0)
(0.037 0.01 0)
(0.038 0.01 0)
(0.039 0.01 0)
(0.04 0.01 0)
(0.041 0.01 0)
(0.042 0.01 0)
(0.043 0.01 0)
(0.044 0.01 0)
(0.045 0.01 0)
(0.046 0.01 0)
(0.047 0.01 0)
(0.048 0.01 0)
(0.049 0.01 0)
(0.05 0.01 0)
(0.051 0.01 0)
(0.052 0.01 0)
(0.053 0.01 0)
(0.054 0.01 0)
(0.055 0.01 0)
(0.056 0.01 0)
(0.057 0.01 0)
(0.058 0.01 0)
(0.059 0.01 0)
(0.06 0.01 0)
(0.061 0.01 0)
(0.062 0.01 0)
(0.063 0.01 0)
(0.064 0.01 0)
(0.065 0.01 0)
(0.066 0.01 0)
(0.067 0.01 0)
(0.068 0.01 0)
(0.069 0.01 0)
(0.07 0.01 0)
(0.071 0.01 0)
(0.072 0.01 0)
(0.073 0.01 0)
(0.074 0.01 0)
(0.075 0.01 0)
(0.076 0.01 0)
(0.077 0.01 0)
(0.078 0.01 0)
(0.079 0.01 0)
(0.08 0.01 0)
(0.081 0.01 0)
(0.082 0.01 0)
(0.083 0.01 0)
(0.084 0.01 0)
(0.085 0.01 0)
(0.086 0.01 0)
(0.087 0.01 0)
(0.088 0.01 0)
(0.089 0.01 0)
(0.09 0.01 0)
(0.091 0.01 0)
(0.092 0.01 0)
(0.093 0.01 0)
(0.094 0.01 0)
(0.095 0.01 0)
(0.096 0.01 0)
(0.097 0.01 0)
(0.098 0.01 0)
(0.099 0.01 0)
(0.1 0.01 0)
(0 0.011 0)
(0.001 0.011 0)
(0.002 0.011 0)
(0.003 0.011 0)
(0.004 0.011 0)
(0.005 0.011 0)
(0.006 0.011 0)
(0.007 0.011 0)
(0.008 0.011 0)
(0.009 0.011 0)
(0.01 0.011 0)
(0.011 0.011 0)
(0.012 0.011 0)
(0.013 0.011 0)
(0.014 0.011 0)
(0.015 0.011 0)
(0.016 0.011 0)
(0.017 0.011 0)
(0.018 0.011 0)
(0.019 0.011 0)
(0.02 0.011 0)
(0.021 0.011 0)
(0.022 0.011 0)
(0.023 0.011 0)
(0.024 0.011 0)
(0.025 0.011 0)
(0.026 0.011 0)
(0.027 0.011 0)
(0.028 0.011 0)
(0.029 0.011 0)
(0.03 0.011 0)
(0.031 0.011 0)
(0.032 0.011 0)
(0.033 0.011 0)
(0.034 0.011 0)
(0.035 0.011 0)
(0.036 0.011 0)
(0.037 0.011 0)
(0.038 0.011 0)
(0.039 0.011 0)
(0.04 0.011 0)
(0.041 0.011 0)
(0.042 0.011 0)
(0.043 0.011 0)
(0.044 0.011 0)
(0.045 0.011 0)
(0.046 0.011 0)
(0.047 0.011 0)
(0.048 0.011 0)
(0.049 0.011 0)
(0.05 0.011 0)
(0.051 0.011 0)
(0.052 0.011 0)
(0.053 0.011 0)
(0.054 0.011 0)
(0.055 0.011 0)
(0.056 0.011 0)
(0.057 0.011 0)
(0.058 0.011 0)
(0.059 0.011 0)
(0.06 0.011 0)
(0.061 0.011 0)
(0.062 0.011 0)
(0.063 0.011 0)
(0.064 0.011 0)
(0.065 0.011 0)
(0.066 0.011 0)
(0.067 0.011 0)
(0.068 0.011 0)
(0.069 0.011 0)
(0.07 0.011 0)
(0.071 0.011 0)
(0.072 0.011 0)
(0.073 0.011 0)
(0.074 0.011 0)
(0.075 0.011 0)
(0.076 0.011 0)
(0.077 0.011 0)
(0.078 0.011 0)
(0.079 0.011 0)
(0.08 0.011 0)
(0.081 0.011 0)
(0.082 0.011 0)
(0.083 0.011 0)
(0.084 0.011 0)
(0.085 0.011 0)
(0.086 0.011 0)
(0.087 0.011 0)
(0.088 0.011 0)
(0.089 0.011 0)
(0.09 0.011 0)
(0.091 0.011 0)
(0.092 0.011 0)
(0.093 0.011 0)
(0.094 0.011 0)
(0.095 0.011 0)
(0.096 0.011 0)
(0.097 0.011 0)
(0.098 0.011 0)
(0.099 0.011 0)
(0.1 0.011 0)
(0 0.012 0)
(0.001 0.012 0)
(0.002 0.012 0)
(0.003 0.012 0)
(0.004 0.012 0)
(0.005 0.012 0)
(0.006 0.012 0)
(0.007 0.012 0)
(0.008 0.012 0)
(0.009 0.012 0)
(0.01 0.012 0)
(0.011 0.012 0)
(0.012 0.012 0)
(0.013 0.012 0)
(0.014 0.012 0)
(0.015 0.012 0)
(0.016 0.012 0)
(0.017 0.012 0)
(0.018 0.012 0)
(0.019 0.012 0)
(0.02 0.012 0)
(0.021 0.012 0)
(0.022 0.012 0)
(0.023 0.012 0)
(0.024 0.012 0)
(0.025 0.012 0)
(0.026 0.012 0)
(0.027 0.012 0)
(0.028 0.012 0)
(0.029 0.012 0)
(0.03 0.012 0)
(0.031 0.012 0)
(0.032 0.012 0)
(0.033 0.012 0)
(0.034 0.012 0)
(0.035 0.012 0)
(0.036 0.012 0)
(0.037 0.012 0)
(0.038 0.012 0)
(0.039 0.012 0)
(0.04 0.012 0)
(0.041 0.012 0)
(0.042 0.012 0)
(0.043 0.012 0)
(0.044 0.012 0)
(0.045 0.012 0)
(0.046 0.012 0)
(0.047 0.012 0)
(0.048 0.012 0)
(0.049 0.012 0)
(0.05 0.012 0)
(0.051 0.012 0)
(0.052 0.012 0)
(0.053 0.012 0)
(0.054 0.012 0)
(0.055 0.012 0)
(0.056 0.012 0)
(0.057 0.012 0)
(0.058 0.012 0)
(0.059 0.012 0)
(0.06 0.012 0)
(0.061 0.012 0)
(0.062 0.012 0)
(0.063 0.012 0)
(0.064 0.012 0)
(0.065 0.012 0)
(0.066 0.012 0)
(0.067 0.012 0)
(0.068 0.012 0)
(0.069 0.012 0)
(0.07 0.012 0)
(0.071 0.012 0)
(0.072 0.012 0)
(0.073 0.012 0)
(0.074 0.012 0)
(0.075 0.012 0)
(0.076 0.012 0)
(0.077 0.012 0)
(0.078 0.012 0)
(0.079 0.012 0)
(0.08 0.012 0)
(0.081 0.012 0)
(0.082 0.012 0)
(0.083 0.012 0)
(0.084 0.012 0)
(0.085 0.012 0)
(0.086 0.012 0)
(0.087 0.012 0)
(0.088 0.012 0)
(0.089 0.012 0)
(0.09 0.012 0)
(0.091 0.012 0)
(0.092 0.012 0)
(0.093 0.012 0)
(0.094 0.012 0)
(0.095 0.012 0)
(0.096 0.012 0)
(0.097 0.012 0)
(0.098 0.012 0)
(0.099 0.012 0)
(0.1 0.012 0)
(0 0.013 0)
(0.001 0.013 0)
(0.002 0.013 0)
(0.003 0.013 0)
(0.004 0.013 0)
(0.005 0.013 0)
(0.006 0.013 0)
(0.007 0.013 0)
(0.008 0.013 0)
(0.009 0.013 0)
(0.01 0.013 0)
(0.011 0.013 0)
(0.012 0.013 0)
(0.013 0.013 0)
(0.014 0.013 0)
(0.015 0.013 0)
(0.016 0.013 0)
(0.017 0.013 0)
(0.018 0.013 0)
(0.019 0.013 0)
(0.02 0.013 0)
(0.021 0.013 0)
(0.022 0.013 0)
(0.023 0.013 0)
(0.024 0.013 0)
(0.025 0.013 0)
(0.026 0.013 0)
(0.027 0.013 0)
(0.028 0.013 0)
(0.029 0.013 0)
(0.03 0.013 0)
(0.031 0.013 0)
(0.032 0.013 0)
(0.033 0.013 0)
(0.034 0.013 0)
(0.035 0.013 0)
(0.036 0.013 0)
(0.037 0.013 0)
(0.038 0.013 0)
(0.039 0.013 0)
(0.04 0.013 0)
(0.041 0.013 0)
(0.042 0.013 0)
(0.043 0.013 0)
(0.044 0.013 0)
(0.045 0.013 0)
(0.046 0.013 0)
(0.047 0.013 0)
(0.048 0.013 0)
(0.049 0.013 0)
(0.05 0.013 0)
(0.051 0.013 0)
(0.052 0.013 0)
(0.053 0.013 0)
(0.054 0.013 0)
(0.055 0.013 0)
(0.056 0.013 0)
(0.057 0.013 0)
(0.058 0.013 0)
(0.059 0.013 0)
(0.06 0.013 0)
(0.061 0.013 0)
(0.062 0.013 0)
(0.063 0.013 0)
(0.064 0.013 0)
(0.065 0.013 0)
(0.066 0.013 0)
(0.067 0.013 0)
(0.068 0.013 0)
(0.069 0.013 0)
(0.07 0.013 0)
(0.071 0.013 0)
(0.072 0.013 0)
(0.073 0.013 0)
(0.074 0.013 0)
(0.075 0.013 0)
(0.076 0.013 0)
(0.077 0.013 0)
(0.078 0.013 0)
(0.079 0.013 0)
(0.08 0.013 0)
(0.081 0.013 0)
(0.082 0.013 0)
(0.083 0.013 0)
(0.084 0.013 0)
(0.085 0.013 0)
(0.086 0.013 0)
(0.087 0.013 0)
(0.088 0.013 0)
(0.089 0.013 0)
(0.09 0.013 0)
(0.091 0.013 0)
(0.092 0.013 0)
(0.093 0.013 0)
(0.094 0.013 0)
(0.095 0.013 0)
(0.096 0.013 0)
(0.097 0.013 0)
(0.098 0.013 0)
(0.099 0.013 0)
(0.1 0.013 0)
(0 0.014 0)
(0.001 0.014 0)
(0.002 0.014 0)
(0.003 0.014 0)
(0.004 0.014 0)
(0.005 0.014 0)
(0.006 0.014 0)
(0.007 0.014 0)
(0.008 0.014 0)
(0.009 0.014 0)
(0.01 0.014 0)
(0.011 0.014 0)
(0.012 0.014 0)
(0.013 0.014 0)
(0.014 0.014 0)
(0.015 0.014 0)
(0.016 0.014 0)
(0.017 0.014 0)
(0.018 0.014 0)
(0.019 0.014 0)
(0.02 0.014 0)
(0.021 0.014 0)
(0.022 0.014 0)
(0.023 0.014 0)
(0.024 0.014 0)
(0.025 0.014 0)
(0.026 0.014 0)
(0.027 0.014 0)
(0.028 0.014 0)
(0.029 0.014 0)
(0.03 0.014 0)
(0.031 0.014 0)
(0.032 0.014 0)
(0.033 0.014 0)
(0.034 0.014 0)
(0.035 0.014 0)
(0.036 0.014 0)
(0.037 0.014 0)
(0.038 0.014 0)
(0.039 0.014 0)
(0.04 0.014 0)
(0.041 0.014 0)
(0.042 0.014 0)
(0.043 0.014 0)
(0.044 0.014 0)
(0.045 0.014 0)
(0.046 0.014 0)
(0.047 0.014 0)
(0.048 0.014 0)
(0.049 0.014 0)
(0.05 0.014 0)
(0.051 0.014 0)
(0.052 0.014 0)
(0.053 0.014 0)
(0.054 0.014 0)
(0.055 0.014 0)
(0.056 0.014 0)
(0.057 0.014 0)
(0.058 0.014 0)
(0.059 0.014 0)
(0.06 0.014 0)
(0.061 0.014 0)
(0.062 0.014 0)
(0.063 0.014 0)
(0.064 0.014 0)
(0.065 0.014 0)
(0.066 0.014 0)
(0.067 0.014 0)
(0.068 0.014 0)
(0.069 0.014 0)
(0.07 0.014 0)
(0.071 0.014 0)
(0.072 0.014 0)
(0.073 0.014 0)
(0.074 0.014 0)
(0.075 0.014 0)
(0.076 0.014 0)
(0.077 0.014 0)
(0.078 0.014 0)
(0.079 0.014 0)
(0.08 0.014 0)
(0.081 0.014 0)
(0.082 0.014 0)
(0.083 0.014 0)
(0.084 0.014 0)
(0.085 0.014 0)
(0.086 0.014 0)
(0.087 0.014 0)
(0.088 0.014 0)
(0.089 0.014 0)
(0.09 0.014 0)
(0.091 0.014 0)
(0.092 0.014 0)
(0.093 0.014 0)
(0.094 0.014 0)
(0.095 0.014 0)
(0.096 0.014 0)
(0.097 0.014 0)
(0.098 0.014 0)
(0.099 0.014 0)
(0.1 0.014 0)
(0 0.015 0)
(0.001 0.015 0)
(0.002 0.015 0)
(0.003 0.015 0)
(0.004 0.015 0)
(0.005 0.015 0)
(0.006 0.015 0)
(0.007 0.015 0)
(0.008 0.015 0)
(0.009 0.015 0)
(0.01 0.015 0)
(0.011 0.015 0)
(0.012 0.015 0)
(0.013 0.015 0)
(0.014 0.015 0)
(0.015 0.015 0)
(0.016 0.015 0)
(0.017 0.015 0)
(0.018 0.015 0)
(0.019 0.015 0)
(0.02 0.015 0)
(0.021 0.015 0)
(0.022 0.015 0)
(0.023 0.015 0)
(0.024 0.015 0)
(0.025 0.015 0)
(0.026 0.015 0)
(0.027 0.015 0)
(0.028 0.015 0)
(0.029 0.015 0)
(0.03 0.015 0)
(0.031 0.015 0)
(0.032 0.015 0)
(0.033 0.015 0)
(0.034 0.015 0)
(0.035 0.015 0)
(0.036 0.015 0)
(0.037 0.015 0)
(0.038 0.015 0)
(0.039 0.015 0)
(0.04 0.015 0)
(0.041 0.015 0)
(0.042 0.015 0)
(0.043 0.015 0)
(0.044 0.015 0)
(0.045 0.015 0)
(0.046 0.015 0)
(0.047 0.015 0)
(0.048 0.015 0)
(0.049 0.015 0)
(0.05 0.015 0)
(0.051 0.015 0)
(0.052 0.015 0)
(0.053 0.015 0)
(0.054 0.015 0)
(0.055 0.015 0)
(0.056 0.015 0)
(0.057 0.015 0)
(0.058 0.015 0)
(0.059 0.015 0)
(0.06 0.015 0)
(0.061 0.015 0)
(0.062 0.015 0)
(0.063 0.015 0)
(0.064 0.015 0)
(0.065 0.015 0)
(0.066 0.015 0)
(0.067 0.015 0)
(0.068 0.015 0)
(0.069 0.015 0)
(0.07 0.015 0)
(0.071 0.015 0)
(0.072 0.015 0)
(0.073 0.015 0)
(0.074 0.015 0)
(0.075 0.015 0)
(0.076 0.015 0)
(0.077 0.015 0)
(0.078 0.015 0)
(0.079 0.015 0)
(0.08 0.015 0)
(0.081 0.015 0)
(0.082 0.015 0)
(0.083 0.015 0)
(0.084 0.015 0)
(0.085 0.015 0)
(0.086 0.015 0)
(0.087 0.015 0)
(0.088 0.015 0)
(0.089 0.015 0)
(0.09 0.015 0)
(0.091 0.015 0)
(0.092 0.015 0)
(0.093 0.015 0)
(0.094 0.015 0)
(0.095 0.015 0)
(0.096 0.015 0)
(0.097 0.015 0)
(0.098 0.015 0)
(0.099 0.015 0)
(0.1 0.015 0)
(0 0.016 0)
(0.001 0.016 0)
(0.002 0.016 0)
(0.003 0.016 0)
(0.004 0.016 0)
(0.005 0.016 0)
(0.006 0.016 0)
(0.007 0.016 0)
(0.008 0.016 0)
(0.009 0.016 0)
(0.01 0.016 0)
(0.011 0.016 0)
(0.012 0.016 0)
(0.013 0.016 0)
(0.014 0.016 0)
(0.015 0.016 0)
(0.016 0.016 0)
(0.017 0.016 0)
(0.018 0.016 0)
(0.019 0.016 0)
(0.02 0.016 0)
(0.021 0.016 0)
(0.022 0.016 0)
(0.023 0.016 0)
(0.024 0.016 0)
(0.025 0.016 0)
(0.026 0.016 0)
(0.027 0.016 0)
(0.028 0.016 0)
(0.029 0.016 0)
(0.03 0.016 0)
(0.031 0.016 0)
(0.032 0.016 0)
(0.033 0.016 0)
(0.034 0.016 0)
(0.035 0.016 0)
(0.036 0.016 0)
(0.037 0.016 0)
(0.038 0.016 0)
(0.039 0.016 0)
(0.04 0.016 0)
(0.041 0.016 0)
(0.042 0.016 0)
(0.043 0.016 0)
(0.044 0.016 0)
(0.045 0.016 0)
(0.046 0.016 0)
(0.047 0.016 0)
(0.048 0.016 0)
(0.049 0.016 0)
(0.05 0.016 0)
(0.051 0.016 0)
(0.052 0.016 0)
(0.053 0.016 0)
(0.054 0.016 0)
(0.055 0.016 0)
(0.056 0.016 0)
(0.057 0.016 0)
(0.058 0.016 0)
(0.059 0.016 0)
(0.06 0.016 0)
(0.061 0.016 0)
(0.062 0.016 0)
(0.063 0.016 0)
(0.064 0.016 0)
(0.065 0.016 0)
(0.066 0.016 0)
(0.067 0.016 0)
(0.068 0.016 0)
(0.069 0.016 0)
(0.07 0.016 0)
(0.071 0.016 0)
(0.072 0.016 0)
(0.073 0.016 0)
(0.074 0.016 0)
(0.075 0.016 0)
(0.076 0.016 0)
(0.077 0.016 0)
(0.078 0.016 0)
(0.079 0.016 0)
(0.08 0.016 0)
(0.081 0.016 0)
(0.082 0.016 0)
(0.083 0.016 0)
(0.084 0.016 0)
(0.085 0.016 0)
(0.086 0.016 0)
(0.087 0.016 0)
(0.088 0.016 0)
(0.089 0.016 0)
(0.09 0.016 0)
(0.091 0.016 0)
(0.092 0.016 0)
(0.093 0.016 0)
(0.094 0.016 0)
(0.095 0.016 0)
(0.096 0.016 0)
(0.097 0.016 0)
(0.098 0.016 0)
(0.099 0.016 0)
(0.1 0.016 0)
(0 0.017 0)
(0.001 0.017 0)
(0.002 0.017 0)
(0.003 0.017 0)
(0.004 0.017 0)
(0.005 0.017 0)
(0.006 0.017 0)
(0.007 0.017 0)
(0.008 0.017 0)
(0.009 0.017 0)
(0.01 0.017 0)
(0.011 0.017 0)
(0.012 0.017 0)
(0.013 0.017 0)
(0.014 0.017 0)
(0.015 0.017 0)
(0.016 0.017 0)
(0.017 0.017 0)
(0.018 0.017 0)
(0.019 0.017 0)
(0.02 0.017 0)
(0.021 0.017 0)
(0.022 0.017 0)
(0.023 0.017 0)
(0.024 0.017 0)
(0.025 0.017 0)
(0.026 0.017 0)
(0.027 0.017 0)
(0.028 0.017 0)
(0.029 0.017 0)
(0.03 0.017 0)
(0.031 0.017 0)
(0.032 0.017 0)
(0.033 0.017 0)
(0.034 0.017 0)
(0.035 0.017 0)
(0.036 0.017 0)
(0.037 0.017 0)
(0.038 0.017 0)
(0.039 0.017 0)
(0.04 0.017 0)
(0.041 0.017 0)
(0.042 0.017 0)
(0.043 0.017 0)
(0.044 0.017 0)
(0.045 0.017 0)
(0.046 0.017 0)
(0.047 0.017 0)
(0.048 0.017 0)
(0.049 0.017 0)
(0.05 0.017 0)
(0.051 0.017 0)
(0.052 0.017 0)
(0.053 0.017 0)
(0.054 0.017 0)
(0.055 0.017 0)
(0.056 0.017 0)
(0.057 0.017 0)
(0.058 0.017 0)
(0.059 0.017 0)
(0.06 0.017 0)
(0.061 0.017 0)
(0.062 0.017 0)
(0.063 0.017 0)
(0.064 0.017 0)
(0.065 0.017 0)
(0.066 0.017 0)
(0.067 0.017 0)
(0.068 0.017 0)
(0.069 0.017 0)
(0.07 0.017 0)
(0.071 0.017 0)
(0.072 0.017 0)
(0.073 0.017 0)
(0.074 0.017 0)
(0.075 0.017 0)
(0.076 0.017 0)
(0.077 0.017 0)
(0.078 0.017 0)
(0.079 0.017 0)
(0.08 0.017 0)
(0.081 0.017 0)
(0.082 0.017 0)
(0.083 0.017 0)
(0.084 0.017 0)
(0.085 0.017 0)
(0.086 0.017 0)
(0.087 0.017 0)
(0.088 0.017 0)
(0.089 0.017 0)
(0.09 0.017 0)
(0.091 0.017 0)
(0.092 0.017 0)
(0.093 0.017 0)
(0.094 0.017 0)
(0.095 0.017 0)
(0.096 0.017 0)
(0.097 0.017 0)
(0.098 0.017 0)
(0.099 0.017 0)
(0.1 0.017 0)
(0 0.018 0)
(0.001 0.018 0)
(0.002 0.018 0)
(0.003 0.018 0)
(0.004 0.018 0)
(0.005 0.018 0)
(0.006 0.018 0)
(0.007 0.018 0)
(0.008 0.018 0)
(0.009 0.018 0)
(0.01 0.018 0)
(0.011 0.018 0)
(0.012 0.018 0)
(0.013 0.018 0)
(0.014 0.018 0)
(0.015 0.018 0)
(0.016 0.018 0)
(0.017 0.018 0)
(0.018 0.018 0)
(0.019 0.018 0)
(0.02 0.018 0)
(0.021 0.018 0)
(0.022 0.018 0)
(0.023 0.018 0)
(0.024 0.018 0)
(0.025 0.018 0)
(0.026 0.018 0)
(0.027 0.018 0)
(0.028 0.018 0)
(0.029 0.018 0)
(0.03 0.018 0)
(0.031 0.018 0)
(0.032 0.018 0)
(0.033 0.018 0)
(0.034 0.018 0)
(0.035 0.018 0)
(0.036 0.018 0)
(0.037 0.018 0)
(0.038 0.018 0)
(0.039 0.018 0)
(0.04 0.018 0)
(0.041 0.018 0)
(0.042 0.018 0)
(0.043 0.018 0)
(0.044 0.018 0)
(0.045 0.018 0)
(0.046 0.018 0)
(0.047 0.018 0)
(0.048 0.018 0)
(0.049 0.018 0)
(0.05 0.018 0)
(0.051 0.018 0)
(0.052 0.018 0)
(0.053 0.018 0)
(0.054 0.018 0)
(0.055 0.018 0)
(0.056 0.018 0)
(0.057 0.018 0)
(0.058 0.018 0)
(0.059 0.018 0)
(0.06 0.018 0)
(0.061 0.018 0)
(0.062 0.018 0)
(0.063 0.018 0)
(0.064 0.018 0)
(0.065 0.018 0)
(0.066 0.018 0)
(0.067 0.018 0)
(0.068 0.018 0)
(0.069 0.018 0)
(0.07 0.018 0)
(0.071 0.018 0)
(0.072 0.018 0)
(0.073 0.018 0)
(0.074 0.018 0)
(0.075 0.018 0)
(0.076 0.018 0)
(0.077 0.018 0)
(0.078 0.018 0)
(0.079 0.018 0)
(0.08 0.018 0)
(0.081 0.018 0)
(0.082 0.018 0)
(0.083 0.018 0)
(0.084 0.018 0)
(0.085 0.018 0)
(0.086 0.018 0)
(0.087 0.018 0)
(0.088 0.018 0)
(0.089 0.018 0)
(0.09 0.018 0)
(0.091 0.018 0)
(0.092 0.018 0)
(0.093 0.018 0)
(0.094 0.018 0)
(0.095 0.018 0)
(0.096 0.018 0)
(0.097 0.018 0)
(0.098 0.018 0)
(0.099 0.018 0)
(0.1 0.018 0)
(0 0.019 0)
(0.001 0.019 0)
(0.002 0.019 0)
(0.003 0.019 0)
(0.004 0.019 0)
(0.005 0.019 0)
(0.006 0.019 0)
(0.007 0.019 0)
(0.008 0.019 0)
(0.009 0.019 0)
(0.01 0.019 0)
(0.011 0.019 0)
(0.012 0.019 0)
(0.013 0.019 0)
(0.014 0.019 0)
(0.015 0.019 0)
(0.016 0.019 0)
(0.017 0.019 0)
(0.018 0.019 0)
(0.019 0.019 0)
(0.02 0.019 0)
(0.021 0.019 0)
(0.022 0.019 0)
(0.023 0.019 0)
(0.024 0.019 0)
(0.025 0.019 0)
(0.026 0.019 0)
(0.027 0.019 0)
(0.028 0.019 0)
(0.029 0.019 0)
(0.03 0.019 0)
(0.031 0.019 0)
(0.032 0.019 0)
(0.033 0.019 0)
(0.034 0.019 0)
(0.035 0.019 0)
(0.036 0.019 0)
(0.037 0.019 0)
(0.038 0.019 0)
(0.039 0.019 0)
(0.04 0.019 0)
(0.041 0.019 0)
(0.042 0.019 0)
(0.043 0.019 0)
(0.044 0.019 0)
(0.045 0.019 0)
(0.046 0.019 0)
(0.047 0.019 0)
(0.048 0.019 0)
(0.049 0.019 0)
(0.05 0.019 0)
(0.051 0.019 0)
(0.052 0.019 0)
(0.053 0.019 0)
(0.054 0.019 0)
(0.055 0.019 0)
(0.056 0.019 0)
(0.057 0.019 0)
(0.058 0.019 0)
(0.059 0.019 0)
(0.06 0.019 0)
(0.061 0.019 0)
(0.062 0.019 0)
(0.063 0.019 0)
(0.064 0.019 0)
(0.065 0.019 0)
(0.066 0.019 0)
(0.067 0.019 0)
(0.068 0.019 0)
(0.069 0.019 0)
(0.07 0.019 0)
(0.071 0.019 0)
(0.072 0.019 0)
(0.073 0.019 0)
(0.074 0.019 0)
(0.075 0.019 0)
(0.076 0.019 0)
(0.077 0.019 0)
(0.078 0.019 0)
(0.079 0.019 0)
(0.08 0.019 0)
(0.081 0.019 0)
(0.082 0.019 0)
(0.083 0.019 0)
(0.084 0.019 0)
(0.085 0.019 0)
(0.086 0.019 0)
(0.087 0.019 0)
(0.088 0.019 0)
(0.089 0.019 0)
(0.09 0.019 0)
(0.091 0.019 0)
(0.092 0.019 0)
(0.093 0.019 0)
(0.094 0.019 0)
(0.095 0.019 0)
(0.096 0.019 0)
(0.097 0.019 0)
(0.098 0.019 0)
(0.099 0.019 0)
(0.1 0.019 0)
(0 0.02 0)
(0.001 0.02 0)
(0.002 0.02 0)
(0.003 0.02 0)
(0.004 0.02 0)
(0.005 0.02 0)
(0.006 0.02 0)
(0.007 0.02 0)
(0.008 0.02 0)
(0.009 0.02 0)
(0.01 0.02 0)
(0.011 0.02 0)
(0.012 0.02 0)
(0.013 0.02 0)
(0.014 0.02 0)
(0.015 0.02 0)
(0.016 0.02 0)
(0.017 0.02 0)
(0.018 0.02 0)
(0.019 0.02 0)
(0.02 0.02 0)
(0.021 0.02 0)
(0.022 0.02 0)
(0.023 0.02 0)
(0.024 0.02 0)
(0.025 0.02 0)
(0.026 0.02 0)
(0.027 0.02 0)
(0.028 0.02 0)
(0.029 0.02 0)
(0.03 0.02 0)
(0.031 0.02 0)
(0.032 0.02 0)
(0.033 0.02 0)
(0.034 0.02 0)
(0.035 0.02 0)
(0.036 0.02 0)
(0.037 0.02 0)
(0.038 0.02 0)
(0.039 0.02 0)
(0.04 0.02 0)
(0.041 0.02 0)
(0.042 0.02 0)
(0.043 0.02 0)
(0.044 0.02 0)
(0.045 0.02 0)
(0.046 0.02 0)
(0.047 0.02 0)
(0.048 0.02 0)
(0.049 0.02 0)
(0.05 0.02 0)
(0.051 0.02 0)
(0.052 0.02 0)
(0.053 0.02 0)
(0.054 0.02 0)
(0.055 0.02 0)
(0.056 0.02 0)
(0.057 0.02 0)
(0.058 0.02 0)
(0.059 0.02 0)
(0.06 0.02 0)
(0.061 0.02 0)
(0.062 0.02 0)
(0.063 0.02 0)
(0.064 0.02 0)
(0.065 0.02 0)
(0.066 0.02 0)
(0.067 0.02 0)
(0.068 0.02 0)
(0.069 0.02 0)
(0.07 0.02 0)
(0.071 0.02 0)
(0.072 0.02 0)
(0.073 0.02 0)
(0.074 0.02 0)
(0.075 0.02 0)
(0.076 0.02 0)
(0.077 0.02 0)
(0.078 0.02 0)
(0.079 0.02 0)
(0.08 0.02 0)
(0.081 0.02 0)
(0.082 0.02 0)
(0.083 0.02 0)
(0.084 0.02 0)
(0.085 0.02 0)
(0.086 0.02 0)
(0.087 0.02 0)
(0.088 0.02 0)
(0.089 0.02 0)
(0.09 0.02 0)
(0.091 0.02 0)
(0.092 0.02 0)
(0.093 0.02 0)
(0.094 0.02 0)
(0.095 0.02 0)
(0.096 0.02 0)
(0.097 0.02 0)
(0.098 0.02 0)
(0.099 0.02 0)
(0.1 0.02 0)
(0 0.021 0)
(0.001 0.021 0)
(0.002 0.021 0)
(0.003 0.021 0)
(0.004 0.021 0)
(0.005 0.021 0)
(0.006 0.021 0)
(0.007 0.021 0)
(0.008 0.021 0)
(0.009 0.021 0)
(0.01 0.021 0)
(0.011 0.021 0)
(0.012 0.021 0)
(0.013 0.021 0)
(0.014 0.021 0)
(0.015 0.021 0)
(0.016 0.021 0)
(0.017 0.021 0)
(0.018 0.021 0)
(0.019 0.021 0)
(0.02 0.021 0)
(0.021 0.021 0)
(0.022 0.021 0)
(0.023 0.021 0)
(0.024 0.021 0)
(0.025 0.021 0)
(0.026 0.021 0)
(0.027 0.021 0)
(0.028 0.021 0)
(0.029 0.021 0)
(0.03 0.021 0)
(0.031 0.021 0)
(0.032 0.021 0)
(0.033 0.021 0)
(0.034 0.021 0)
(0.035 0.021 0)
(0.036 0.021 0)
(0.037 0.021 0)
(0.038 0.021 0)
(0.039 0.021 0)
(0.04 0.021 0)
(0.041 0.021 0)
(0.042 0.021 0)
(0.043 0.021 0)
(0.044 0.021 0)
(0.045 0.021 0)
(0.046 0.021 0)
(0.047 0.021 0)
(0.048 0.021 0)
(0.049 0.021 0)
(0.05 0.021 0)
(0.051 0.021 0)
(0.052 0.021 0)
(0.053 0.021 0)
(0.054 0.021 0)
(0.055 0.021 0)
(0.056 0.021 0)
(0.057 0.021 0)
(0.058 0.021 0)
(0.059 0.021 0)
(0.06 0.021 0)
(0.061 0.021 0)
(0.062 0.021 0)
(0.063 0.021 0)
(0.064 0.021 0)
(0.065 0.021 0)
(0.066 0.021 0)
(0.067 0.021 0)
(0.068 0.021 0)
(0.069 0.021 0)
(0.07 0.021 0)
(0.071 0.021 0)
(0.072 0.021 0)
(0.073 0.021 0)
(0.074 0.021 0)
(0.075 0.021 0)
(0.076 0.021 0)
(0.077 0.021 0)
(0.078 0.021 0)
(0.079 0.021 0)
(0.08 0.021 0)
(0.081 0.021 0)
(0.082 0.021 0)
(0.083 0.021 0)
(0.084 0.021 0)
(0.085 0.021 0)
(0.086 0.021 0)
(0.087 0.021 0)
(0.088 0.021 0)
(0.089 0.021 0)
(0.09 0.021 0)
(0.091 0.021 0)
(0.092 0.021 0)
(0.093 0.021 0)
(0.094 0.021 0)
(0.095 0.021 0)
(0.096 0.021 0)
(0.097 0.021 0)
(0.098 0.021 0)
(0.099 0.021 0)
(0.1 0.021 0)
(0 0.022 0)
(0.001 0.022 0)
(0.002 0.022 0)
(0.003 0.022 0)
(0.004 0.022 0)
(0.005 0.022 0)
(0.006 0.022 0)
(0.007 0.022 0)
(0.008 0.022 0)
(0.009 0.022 0)
(0.01 0.022 0)
(0.011 0.022 0)
(0.012 0.022 0)
(0.013 0.022 0)
(0.014 0.022 0)
(0.015 0.022 0)
(0.016 0.022 0)
(0.017 0.022 0)
(0.018 0.022 0)
(0.019 0.022 0)
(0.02 0.022 0)
(0.021 0.022 0)
(0.022 0.022 0)
(0.023 0.022 0)
(0.024 0.022 0)
(0.025 0.022 0)
(0.026 0.022 0)
(0.027 0.022 0)
(0.028 0.022 0)
(0.029 0.022 0)
(0.03 0.022 0)
(0.031 0.022 0)
(0.032 0.022 0)
(0.033 0.022 0)
(0.034 0.022 0)
(0.035 0.022 0)
(0.036 0.022 0)
(0.037 0.022 0)
(0.038 0.022 0)
(0.039 0.022 0)
(0.04 0.022 0)
(0.041 0.022 0)
(0.042 0.022 0)
(0.043 0.022 0)
(0.044 0.022 0)
(0.045 0.022 0)
(0.046 0.022 0)
(0.047 0.022 0)
(0.048 0.022 0)
(0.049 0.022 0)
(0.05 0.022 0)
(0.051 0.022 0)
(0.052 0.022 0)
(0.053 0.022 0)
(0.054 0.022 0)
(0.055 0.022 0)
(0.056 0.022 0)
(0.057 0.022 0)
(0.058 0.022 0)
(0.059 0.022 0)
(0.06 0.022 0)
(0.061 0.022 0)
(0.062 0.022 0)
(0.063 0.022 0)
(0.064 0.022 0)
(0.065 0.022 0)
(0.066 0.022 0)
(0.067 0.022 0)
(0.068 0.022 0)
(0.069 0.022 0)
(0.07 0.022 0)
(0.071 0.022 0)
(0.072 0.022 0)
(0.073 0.022 0)
(0.074 0.022 0)
(0.075 0.022 0)
(0.076 0.022 0)
(0.077 0.022 0)
(0.078 0.022 0)
(0.079 0.022 0)
(0.08 0.022 0)
(0.081 0.022 0)
(0.082 0.022 0)
(0.083 0.022 0)
(0.084 0.022 0)
(0.085 0.022 0)
(0.086 0.022 0)
(0.087 0.022 0)
(0.088 0.022 0)
(0.089 0.022 0)
(0.09 0.022 0)
(0.091 0.022 0)
(0.092 0.022 0)
(0.093 0.022 0)
(0.094 0.022 0)
(0.095 0.022 0)
(0.096 0.022 0)
(0.097 0.022 0)
(0.098 0.022 0)
(0.099 0.022 0)
(0.1 0.022 0)
(0 0.023 0)
(0.001 0.023 0)
(0.002 0.023 0)
(0.003 0.023 0)
(0.004 0.023 0)
(0.005 0.023 0)
(0.006 0.023 0)
(0.007 0.023 0)
(0.008 0.023 0)
(0.009 0.023 0)
(0.01 0.023 0)
(0.011 0.023 0)
(0.012 0.023 0)
(0.013 0.023 0)
(0.014 0.023 0)
(0.015 0.023 0)
(0.016 0.023 0)
(0.017 0.023 0)
(0.018 0.023 0)
(0.019 0.023 0)
(0.02 0.023 0)
(0.021 0.023 0)
(0.022 0.023 0)
(0.023 0.023 0)
(0.024 0.023 0)
(0.025 0.023 0)
(0.026 0.023 0)
(0.027 0.023 0)
(0.028 0.023 0)
(0.029 0.023 0)
(0.03 0.023 0)
(0.031 0.023 0)
(0.032 0.023 0)
(0.033 0.023 0)
(0.034 0.023 0)
(0.035 0.023 0)
(0.036 0.023 0)
(0.037 0.023 0)
(0.038 0.023 0)
(0.039 0.023 0)
(0.04 0.023 0)
(0.041 0.023 0)
(0.042 0.023 0)
(0.043 0.023 0)
(0.044 0.023 0)
(0.045 0.023 0)
(0.046 0.023 0)
(0.047 0.023 0)
(0.048 0.023 0)
(0.049 0.023 0)
(0.05 0.023 0)
(0.051 0.023 0)
(0.052 0.023 0)
(0.053 0.023 0)
(0.054 0.023 0)
(0.055 0.023 0)
(0.056 0.023 0)
(0.057 0.023 0)
(0.058 0.023 0)
(0.059 0.023 0)
(0.06 0.023 0)
(0.061 0.023 0)
(0.062 0.023 0)
(0.063 0.023 0)
(0.064 0.023 0)
(0.065 0.023 0)
(0.066 0.023 0)
(0.067 0.023 0)
(0.068 0.023 0)
(0.069 0.023 0)
(0.07 0.023 0)
(0.071 0.023 0)
(0.072 0.023 0)
(0.073 0.023 0)
(0.074 0.023 0)
(0.075 0.023 0)
(0.076 0.023 0)
(0.077 0.023 0)
(0.078 0.023 0)
(0.079 0.023 0)
(0.08 0.023 0)
(0.081 0.023 0)
(0.082 0.023 0)
(0.083 0.023 0)
(0.084 0.023 0)
(0.085 0.023 0)
(0.086 0.023 0)
(0.087 0.023 0)
(0.088 0.023 0)
(0.089 0.023 0)
(0.09 0.023 0)
(0.091 0.023 0)
(0.092 0.023 0)
(0.093 0.023 0)
(0.094 0.023 0)
(0.095 0.023 0)
(0.096 0.023 0)
(0.097 0.023 0)
(0.098 0.023 0)
(0.099 0.023 0)
(0.1 0.023 0)
(0 0.024 0)
(0.001 0.024 0)
(0.002 0.024 0)
(0.003 0.024 0)
(0.004 0.024 0)
(0.005 0.024 0)
(0.006 0.024 0)
(0.007 0.024 0)
(0.008 0.024 0)
(0.009 0.024 0)
(0.01 0.024 0)
(0.011 0.024 0)
(0.012 0.024 0)
(0.013 0.024 0)
(0.014 0.024 0)
(0.015 0.024 0)
(0.016 0.024 0)
(0.017 0.024 0)
(0.018 0.024 0)
(0.019 0.024 0)
(0.02 0.024 0)
(0.021 0.024 0)
(0.022 0.024 0)
(0.023 0.024 0)
(0.024 0.024 0)
(0.025 0.024 0)
(0.026 0.024 0)
(0.027 0.024 0)
(0.028 0.024 0)
(0.029 0.024 0)
(0.03 0.024 0)
(0.031 0.024 0)
(0.032 0.024 0)
(0.033 0.024 0)
(0.034 0.024 0)
(0.035 0.024 0)
(0.036 0.024 0)
(0.037 0.024 0)
(0.038 0.024 0)
(0.039 0.024 0)
(0.04 0.024 0)
(0.041 0.024 0)
(0.042 0.024 0)
(0.043 0.024 0)
(0.044 0.024 0)
(0.045 0.024 0)
(0.046 0.024 0)
(0.047 0.024 0)
(0.048 0.024 0)
(0.049 0.024 0)
(0.05 0.024 0)
(0.051 0.024 0)
(0.052 0.024 0)
(0.053 0.024 0)
(0.054 0.024 0)
(0.055 0.024 0)
(0.056 0.024 0)
(0.057 0.024 0)
(0.058 0.024 0)
(0.059 0.024 0)
(0.06 0.024 0)
(0.061 0.024 0)
(0.062 0.024 0)
(0.063 0.024 0)
(0.064 0.024 0)
(0.065 0.024 0)
(0.066 0.024 0)
(0.067 0.024 0)
(0.068 0.024 0)
(0.069 0.024 0)
(0.07 0.024 0)
(0.071 0.024 0)
(0.072 0.024 0)
(0.073 0.024 0)
(0.074 0.024 0)
(0.075 0.024 0)
(0.076 0.024 0)
(0.077 0.024 0)
(0.078 0.024 0)
(0.079 0.024 0)
(0.08 0.024 0)
(0.081 0.024 0)
(0.082 0.024 0)
(0.083 0.024 0)
(0.084 0.024 0)
(0.085 0.024 0)
(0.086 0.024 0)
(0.087 0.024 0)
(0.088 0.024 0)
(0.089 0.024 0)
(0.09 0.024 0)
(0.091 0.024 0)
(0.092 0.024 0)
(0.093 0.024 0)
(0.094 0.024 0)
(0.095 0.024 0)
(0.096 0.024 0)
(0.097 0.024 0)
(0.098 0.024 0)
(0.099 0.024 0)
(0.1 0.024 0)
(0 0.025 0)
(0.001 0.025 0)
(0.002 0.025 0)
(0.003 0.025 0)
(0.004 0.025 0)
(0.005 0.025 0)
(0.006 0.025 0)
(0.007 0.025 0)
(0.008 0.025 0)
(0.009 0.025 0)
(0.01 0.025 0)
(0.011 0.025 0)
(0.012 0.025 0)
(0.013 0.025 0)
(0.014 0.025 0)
(0.015 0.025 0)
(0.016 0.025 0)
(0.017 0.025 0)
(0.018 0.025 0)
(0.019 0.025 0)
(0.02 0.025 0)
(0.021 0.025 0)
(0.022 0.025 0)
(0.023 0.025 0)
(0.024 0.025 0)
(0.025 0.025 0)
(0.026 0.025 0)
(0.027 0.025 0)
(0.028 0.025 0)
(0.029 0.025 0)
(0.03 0.025 0)
(0.031 0.025 0)
(0.032 0.025 0)
(0.033 0.025 0)
(0.034 0.025 0)
(0.035 0.025 0)
(0.036 0.025 0)
(0.037 0.025 0)
(0.038 0.025 0)
(0.039 0.025 0)
(0.04 0.025 0)
(0.041 0.025 0)
(0.042 0.025 0)
(0.043 0.025 0)
(0.044 0.025 0)
(0.045 0.025 0)
(0.046 0.025 0)
(0.047 0.025 0)
(0.048 0.025 0)
(0.049 0.025 0)
(0.05 0.025 0)
(0.051 0.025 0)
(0.052 0.025 0)
(0.053 0.025 0)
(0.054 0.025 0)
(0.055 0.025 0)
(0.056 0.025 0)
(0.057 0.025 0)
(0.058 0.025 0)
(0.059 0.025 0)
(0.06 0.025 0)
(0.061 0.025 0)
(0.062 0.025 0)
(0.063 0.025 0)
(0.064 0.025 0)
(0.065 0.025 0)
(0.066 0.025 0)
(0.067 0.025 0)
(0.068 0.025 0)
(0.069 0.025 0)
(0.07 0.025 0)
(0.071 0.025 0)
(0.072 0.025 0)
(0.073 0.025 0)
(0.074 0.025 0)
(0.075 0.025 0)
(0.076 0.025 0)
(0.077 0.025 0)
(0.078 0.025 0)
(0.079 0.025 0)
(0.08 0.025 0)
(0.081 0.025 0)
(0.082 0.025 0)
(0.083 0.025 0)
(0.084 0.025 0)
(0.085 0.025 0)
(0.086 0.025 0)
(0.087 0.025 0)
(0.088 0.025 0)
(0.089 0.025 0)
(0.09 0.025 0)
(0.091 0.025 0)
(0.092 0.025 0)
(0.093 0.025 0)
(0.094 0.025 0)
(0.095 0.025 0)
(0.096 0.025 0)
(0.097 0.025 0)
(0.098 0.025 0)
(0.099 0.025 0)
(0.1 0.025 0)
(0 0.026 0)
(0.001 0.026 0)
(0.002 0.026 0)
(0.003 0.026 0)
(0.004 0.026 0)
(0.005 0.026 0)
(0.006 0.026 0)
(0.007 0.026 0)
(0.008 0.026 0)
(0.009 0.026 0)
(0.01 0.026 0)
(0.011 0.026 0)
(0.012 0.026 0)
(0.013 0.026 0)
(0.014 0.026 0)
(0.015 0.026 0)
(0.016 0.026 0)
(0.017 0.026 0)
(0.018 0.026 0)
(0.019 0.026 0)
(0.02 0.026 0)
(0.021 0.026 0)
(0.022 0.026 0)
(0.023 0.026 0)
(0.024 0.026 0)
(0.025 0.026 0)
(0.026 0.026 0)
(0.027 0.026 0)
(0.028 0.026 0)
(0.029 0.026 0)
(0.03 0.026 0)
(0.031 0.026 0)
(0.032 0.026 0)
(0.033 0.026 0)
(0.034 0.026 0)
(0.035 0.026 0)
(0.036 0.026 0)
(0.037 0.026 0)
(0.038 0.026 0)
(0.039 0.026 0)
(0.04 0.026 0)
(0.041 0.026 0)
(0.042 0.026 0)
(0.043 0.026 0)
(0.044 0.026 0)
(0.045 0.026 0)
(0.046 0.026 0)
(0.047 0.026 0)
(0.048 0.026 0)
(0.049 0.026 0)
(0.05 0.026 0)
(0.051 0.026 0)
(0.052 0.026 0)
(0.053 0.026 0)
(0.054 0.026 0)
(0.055 0.026 0)
(0.056 0.026 0)
(0.057 0.026 0)
(0.058 0.026 0)
(0.059 0.026 0)
(0.06 0.026 0)
(0.061 0.026 0)
(0.062 0.026 0)
(0.063 0.026 0)
(0.064 0.026 0)
(0.065 0.026 0)
(0.066 0.026 0)
(0.067 0.026 0)
(0.068 0.026 0)
(0.069 0.026 0)
(0.07 0.026 0)
(0.071 0.026 0)
(0.072 0.026 0)
(0.073 0.026 0)
(0.074 0.026 0)
(0.075 0.026 0)
(0.076 0.026 0)
(0.077 0.026 0)
(0.078 0.026 0)
(0.079 0.026 0)
(0.08 0.026 0)
(0.081 0.026 0)
(0.082 0.026 0)
(0.083 0.026 0)
(0.084 0.026 0)
(0.085 0.026 0)
(0.086 0.026 0)
(0.087 0.026 0)
(0.088 0.026 0)
(0.089 0.026 0)
(0.09 0.026 0)
(0.091 0.026 0)
(0.092 0.026 0)
(0.093 0.026 0)
(0.094 0.026 0)
(0.095 0.026 0)
(0.096 0.026 0)
(0.097 0.026 0)
(0.098 0.026 0)
(0.099 0.026 0)
(0.1 0.026 0)
(0 0.027 0)
(0.001 0.027 0)
(0.002 0.027 0)
(0.003 0.027 0)
(0.004 0.027 0)
(0.005 0.027 0)
(0.006 0.027 0)
(0.007 0.027 0)
(0.008 0.027 0)
(0.009 0.027 0)
(0.01 0.027 0)
(0.011 0.027 0)
(0.012 0.027 0)
(0.013 0.027 0)
(0.014 0.027 0)
(0.015 0.027 0)
(0.016 0.027 0)
(0.017 0.027 0)
(0.018 0.027 0)
(0.019 0.027 0)
(0.02 0.027 0)
(0.021 0.027 0)
(0.022 0.027 0)
(0.023 0.027 0)
(0.024 0.027 0)
(0.025 0.027 0)
(0.026 0.027 0)
(0.027 0.027 0)
(0.028 0.027 0)
(0.029 0.027 0)
(0.03 0.027 0)
(0.031 0.027 0)
(0.032 0.027 0)
(0.033 0.027 0)
(0.034 0.027 0)
(0.035 0.027 0)
(0.036 0.027 0)
(0.037 0.027 0)
(0.038 0.027 0)
(0.039 0.027 0)
(0.04 0.027 0)
(0.041 0.027 0)
(0.042 0.027 0)
(0.043 0.027 0)
(0.044 0.027 0)
(0.045 0.027 0)
(0.046 0.027 0)
(0.047 0.027 0)
(0.048 0.027 0)
(0.049 0.027 0)
(0.05 0.027 0)
(0.051 0.027 0)
(0.052 0.027 0)
(0.053 0.027 0)
(0.054 0.027 0)
(0.055 0.027 0)
(0.056 0.027 0)
(0.057 0.027 0)
(0.058 0.027 0)
(0.059 0.027 0)
(0.06 0.027 0)
(0.061 0.027 0)
(0.062 0.027 0)
(0.063 0.027 0)
(0.064 0.027 0)
(0.065 0.027 0)
(0.066 0.027 0)
(0.067 0.027 0)
(0.068 0.027 0)
(0.069 0.027 0)
(0.07 0.027 0)
(0.071 0.027 0)
(0.072 0.027 0)
(0.073 0.027 0)
(0.074 0.027 0)
(0.075 0.027 0)
(0.076 0.027 0)
(0.077 0.027 0)
(0.078 0.027 0)
(0.079 0.027 0)
(0.08 0.027 0)
(0.081 0.027 0)
(0.082 0.027 0)
(0.083 0.027 0)
(0.084 0.027 0)
(0.085 0.027 0)
(0.086 0.027 0)
(0.087 0.027 0)
(0.088 0.027 0)
(0.089 0.027 0)
(0.09 0.027 0)
(0.091 0.027 0)
(0.092 0.027 0)
(0.093 0.027 0)
(0.094 0.027 0)
(0.095 0.027 0)
(0.096 0.027 0)
(0.097 0.027 0)
(0.098 0.027 0)
(0.099 0.027 0)
(0.1 0.027 0)
(0 0.028 0)
(0.001 0.028 0)
(0.002 0.028 0)
(0.003 0.028 0)
(0.004 0.028 0)
(0.005 0.028 0)
(0.006 0.028 0)
(0.007 0.028 0)
(0.008 0.028 0)
(0.009 0.028 0)
(0.01 0.028 0)
(0.011 0.028 0)
(0.012 0.028 0)
(0.013 0.028 0)
(0.014 0.028 0)
(0.015 0.028 0)
(0.016 0.028 0)
(0.017 0.028 0)
(0.018 0.028 0)
(0.019 0.028 0)
(0.02 0.028 0)
(0.021 0.028 0)
(0.022 0.028 0)
(0.023 0.028 0)
(0.024 0.028 0)
(0.025 0.028 0)
(0.026 0.028 0)
(0.027 0.028 0)
(0.028 0.028 0)
(0.029 0.028 0)
(0.03 0.028 0)
(0.031 0.028 0)
(0.032 0.028 0)
(0.033 0.028 0)
(0.034 0.028 0)
(0.035 0.028 0)
(0.036 0.028 0)
(0.037 0.028 0)
(0.038 0.028 0)
(0.039 0.028 0)
(0.04 0.028 0)
(0.041 0.028 0)
(0.042 0.028 0)
(0.043 0.028 0)
(0.044 0.028 0)
(0.045 0.028 0)
(0.046 0.028 0)
(0.047 0.028 0)
(0.048 0.028 0)
(0.049 0.028 0)
(0.05 0.028 0)
(0.051 0.028 0)
(0.052 0.028 0)
(0.053 0.028 0)
(0.054 0.028 0)
(0.055 0.028 0)
(0.056 0.028 0)
(0.057 0.028 0)
(0.058 0.028 0)
(0.059 0.028 0)
(0.06 0.028 0)
(0.061 0.028 0)
(0.062 0.028 0)
(0.063 0.028 0)
(0.064 0.028 0)
(0.065 0.028 0)
(0.066 0.028 0)
(0.067 0.028 0)
(0.068 0.028 0)
(0.069 0.028 0)
(0.07 0.028 0)
(0.071 0.028 0)
(0.072 0.028 0)
(0.073 0.028 0)
(0.074 0.028 0)
(0.075 0.028 0)
(0.076 0.028 0)
(0.077 0.028 0)
(0.078 0.028 0)
(0.079 0.028 0)
(0.08 0.028 0)
(0.081 0.028 0)
(0.082 0.028 0)
(0.083 0.028 0)
(0.084 0.028 0)
(0.085 0.028 0)
(0.086 0.028 0)
(0.087 0.028 0)
(0.088 0.028 0)
(0.089 0.028 0)
(0.09 0.028 0)
(0.091 0.028 0)
(0.092 0.028 0)
(0.093 0.028 0)
(0.094 0.028 0)
(0.095 0.028 0)
(0.096 0.028 0)
(0.097 0.028 0)
(0.098 0.028 0)
(0.099 0.028 0)
(0.1 0.028 0)
(0 0.029 0)
(0.001 0.029 0)
(0.002 0.029 0)
(0.003 0.029 0)
(0.004 0.029 0)
(0.005 0.029 0)
(0.006 0.029 0)
(0.007 0.029 0)
(0.008 0.029 0)
(0.009 0.029 0)
(0.01 0.029 0)
(0.011 0.029 0)
(0.012 0.029 0)
(0.013 0.029 0)
(0.014 0.029 0)
(0.015 0.029 0)
(0.016 0.029 0)
(0.017 0.029 0)
(0.018 0.029 0)
(0.019 0.029 0)
(0.02 0.029 0)
(0.021 0.029 0)
(0.022 0.029 0)
(0.023 0.029 0)
(0.024 0.029 0)
(0.025 0.029 0)
(0.026 0.029 0)
(0.027 0.029 0)
(0.028 0.029 0)
(0.029 0.029 0)
(0.03 0.029 0)
(0.031 0.029 0)
(0.032 0.029 0)
(0.033 0.029 0)
(0.034 0.029 0)
(0.035 0.029 0)
(0.036 0.029 0)
(0.037 0.029 0)
(0.038 0.029 0)
(0.039 0.029 0)
(0.04 0.029 0)
(0.041 0.029 0)
(0.042 0.029 0)
(0.043 0.029 0)
(0.044 0.029 0)
(0.045 0.029 0)
(0.046 0.029 0)
(0.047 0.029 0)
(0.048 0.029 0)
(0.049 0.029 0)
(0.05 0.029 0)
(0.051 0.029 0)
(0.052 0.029 0)
(0.053 0.029 0)
(0.054 0.029 0)
(0.055 0.029 0)
(0.056 0.029 0)
(0.057 0.029 0)
(0.058 0.029 0)
(0.059 0.029 0)
(0.06 0.029 0)
(0.061 0.029 0)
(0.062 0.029 0)
(0.063 0.029 0)
(0.064 0.029 0)
(0.065 0.029 0)
(0.066 0.029 0)
(0.067 0.029 0)
(0.068 0.029 0)
(0.069 0.029 0)
(0.07 0.029 0)
(0.071 0.029 0)
(0.072 0.029 0)
(0.073 0.029 0)
(0.074 0.029 0)
(0.075 0.029 0)
(0.076 0.029 0)
(0.077 0.029 0)
(0.078 0.029 0)
(0.079 0.029 0)
(0.08 0.029 0)
(0.081 0.029 0)
(0.082 0.029 0)
(0.083 0.029 0)
(0.084 0.029 0)
(0.085 0.029 0)
(0.086 0.029 0)
(0.087 0.029 0)
(0.088 0.029 0)
(0.089 0.029 0)
(0.09 0.029 0)
(0.091 0.029 0)
(0.092 0.029 0)
(0.093 0.029 0)
(0.094 0.029 0)
(0.095 0.029 0)
(0.096 0.029 0)
(0.097 0.029 0)
(0.098 0.029 0)
(0.099 0.029 0)
(0.1 0.029 0)
(0 0.03 0)
(0.001 0.03 0)
(0.002 0.03 0)
(0.003 0.03 0)
(0.004 0.03 0)
(0.005 0.03 0)
(0.006 0.03 0)
(0.007 0.03 0)
(0.008 0.03 0)
(0.009 0.03 0)
(0.01 0.03 0)
(0.011 0.03 0)
(0.012 0.03 0)
(0.013 0.03 0)
(0.014 0.03 0)
(0.015 0.03 0)
(0.016 0.03 0)
(0.017 0.03 0)
(0.018 0.03 0)
(0.019 0.03 0)
(0.02 0.03 0)
(0.021 0.03 0)
(0.022 0.03 0)
(0.023 0.03 0)
(0.024 0.03 0)
(0.025 0.03 0)
(0.026 0.03 0)
(0.027 0.03 0)
(0.028 0.03 0)
(0.029 0.03 0)
(0.03 0.03 0)
(0.031 0.03 0)
(0.032 0.03 0)
(0.033 0.03 0)
(0.034 0.03 0)
(0.035 0.03 0)
(0.036 0.03 0)
(0.037 0.03 0)
(0.038 0.03 0)
(0.039 0.03 0)
(0.04 0.03 0)
(0.041 0.03 0)
(0.042 0.03 0)
(0.043 0.03 0)
(0.044 0.03 0)
(0.045 0.03 0)
(0.046 0.03 0)
(0.047 0.03 0)
(0.048 0.03 0)
(0.049 0.03 0)
(0.05 0.03 0)
(0.051 0.03 0)
(0.052 0.03 0)
(0.053 0.03 0)
(0.054 0.03 0)
(0.055 0.03 0)
(0.056 0.03 0)
(0.057 0.03 0)
(0.058 0.03 0)
(0.059 0.03 0)
(0.06 0.03 0)
(0.061 0.03 0)
(0.062 0.03 0)
(0.063 0.03 0)
(0.064 0.03 0)
(0.065 0.03 0)
(0.066 0.03 0)
(0.067 0.03 0)
(0.068 0.03 0)
(0.069 0.03 0)
(0.07 0.03 0)
(0.071 0.03 0)
(0.072 0.03 0)
(0.073 0.03 0)
(0.074 0.03 0)
(0.075 0.03 0)
(0.076 0.03 0)
(0.077 0.03 0)
(0.078 0.03 0)
(0.079 0.03 0)
(0.08 0.03 0)
(0.081 0.03 0)
(0.082 0.03 0)
(0.083 0.03 0)
(0.084 0.03 0)
(0.085 0.03 0)
(0.086 0.03 0)
(0.087 0.03 0)
(0.088 0.03 0)
(0.089 0.03 0)
(0.09 0.03 0)
(0.091 0.03 0)
(0.092 0.03 0)
(0.093 0.03 0)
(0.094 0.03 0)
(0.095 0.03 0)
(0.096 0.03 0)
(0.097 0.03 0)
(0.098 0.03 0)
(0.099 0.03 0)
(0.1 0.03 0)
(0 0.031 0)
(0.001 0.031 0)
(0.002 0.031 0)
(0.003 0.031 0)
(0.004 0.031 0)
(0.005 0.031 0)
(0.006 0.031 0)
(0.007 0.031 0)
(0.008 0.031 0)
(0.009 0.031 0)
(0.01 0.031 0)
(0.011 0.031 0)
(0.012 0.031 0)
(0.013 0.031 0)
(0.014 0.031 0)
(0.015 0.031 0)
(0.016 0.031 0)
(0.017 0.031 0)
(0.018 0.031 0)
(0.019 0.031 0)
(0.02 0.031 0)
(0.021 0.031 0)
(0.022 0.031 0)
(0.023 0.031 0)
(0.024 0.031 0)
(0.025 0.031 0)
(0.026 0.031 0)
(0.027 0.031 0)
(0.028 0.031 0)
(0.029 0.031 0)
(0.03 0.031 0)
(0.031 0.031 0)
(0.032 0.031 0)
(0.033 0.031 0)
(0.034 0.031 0)
(0.035 0.031 0)
(0.036 0.031 0)
(0.037 0.031 0)
(0.038 0.031 0)
(0.039 0.031 0)
(0.04 0.031 0)
(0.041 0.031 0)
(0.042 0.031 0)
(0.043 0.031 0)
(0.044 0.031 0)
(0.045 0.031 0)
(0.046 0.031 0)
(0.047 0.031 0)
(0.048 0.031 0)
(0.049 0.031 0)
(0.05 0.031 0)
(0.051 0.031 0)
(0.052 0.031 0)
(0.053 0.031 0)
(0.054 0.031 0)
(0.055 0.031 0)
(0.056 0.031 0)
(0.057 0.031 0)
(0.058 0.031 0)
(0.059 0.031 0)
(0.06 0.031 0)
(0.061 0.031 0)
(0.062 0.031 0)
(0.063 0.031 0)
(0.064 0.031 0)
(0.065 0.031 0)
(0.066 0.031 0)
(0.067 0.031 0)
(0.068 0.031 0)
(0.069 0.031 0)
(0.07 0.031 0)
(0.071 0.031 0)
(0.072 0.031 0)
(0.073 0.031 0)
(0.074 0.031 0)
(0.075 0.031 0)
(0.076 0.031 0)
(0.077 0.031 0)
(0.078 0.031 0)
(0.079 0.031 0)
(0.08 0.031 0)
(0.081 0.031 0)
(0.082 0.031 0)
(0.083 0.031 0)
(0.084 0.031 0)
(0.085 0.031 0)
(0.086 0.031 0)
(0.087 0.031 0)
(0.088 0.031 0)
(0.089 0.031 0)
(0.09 0.031 0)
(0.091 0.031 0)
(0.092 0.031 0)
(0.093 0.031 0)
(0.094 0.031 0)
(0.095 0.031 0)
(0.096 0.031 0)
(0.097 0.031 0)
(0.098 0.031 0)
(0.099 0.031 0)
(0.1 0.031 0)
(0 0.032 0)
(0.001 0.032 0)
(0.002 0.032 0)
(0.003 0.032 0)
(0.004 0.032 0)
(0.005 0.032 0)
(0.006 0.032 0)
(0.007 0.032 0)
(0.008 0.032 0)
(0.009 0.032 0)
(0.01 0.032 0)
(0.011 0.032 0)
(0.012 0.032 0)
(0.013 0.032 0)
(0.014 0.032 0)
(0.015 0.032 0)
(0.016 0.032 0)
(0.017 0.032 0)
(0.018 0.032 0)
(0.019 0.032 0)
(0.02 0.032 0)
(0.021 0.032 0)
(0.022 0.032 0)
(0.023 0.032 0)
(0.024 0.032 0)
(0.025 0.032 0)
(0.026 0.032 0)
(0.027 0.032 0)
(0.028 0.032 0)
(0.029 0.032 0)
(0.03 0.032 0)
(0.031 0.032 0)
(0.032 0.032 0)
(0.033 0.032 0)
(0.034 0.032 0)
(0.035 0.032 0)
(0.036 0.032 0)
(0.037 0.032 0)
(0.038 0.032 0)
(0.039 0.032 0)
(0.04 0.032 0)
(0.041 0.032 0)
(0.042 0.032 0)
(0.043 0.032 0)
(0.044 0.032 0)
(0.045 0.032 0)
(0.046 0.032 0)
(0.047 0.032 0)
(0.048 0.032 0)
(0.049 0.032 0)
(0.05 0.032 0)
(0.051 0.032 0)
(0.052 0.032 0)
(0.053 0.032 0)
(0.054 0.032 0)
(0.055 0.032 0)
(0.056 0.032 0)
(0.057 0.032 0)
(0.058 0.032 0)
(0.059 0.032 0)
(0.06 0.032 0)
(0.061 0.032 0)
(0.062 0.032 0)
(0.063 0.032 0)
(0.064 0.032 0)
(0.065 0.032 0)
(0.066 0.032 0)
(0.067 0.032 0)
(0.068 0.032 0)
(0.069 0.032 0)
(0.07 0.032 0)
(0.071 0.032 0)
(0.072 0.032 0)
(0.073 0.032 0)
(0.074 0.032 0)
(0.075 0.032 0)
(0.076 0.032 0)
(0.077 0.032 0)
(0.078 0.032 0)
(0.079 0.032 0)
(0.08 0.032 0)
(0.081 0.032 0)
(0.082 0.032 0)
(0.083 0.032 0)
(0.084 0.032 0)
(0.085 0.032 0)
(0.086 0.032 0)
(0.087 0.032 0)
(0.088 0.032 0)
(0.089 0.032 0)
(0.09 0.032 0)
(0.091 0.032 0)
(0.092 0.032 0)
(0.093 0.032 0)
(0.094 0.032 0)
(0.095 0.032 0)
(0.096 0.032 0)
(0.097 0.032 0)
(0.098 0.032 0)
(0.099 0.032 0)
(0.1 0.032 0)
(0 0.033 0)
(0.001 0.033 0)
(0.002 0.033 0)
(0.003 0.033 0)
(0.004 0.033 0)
(0.005 0.033 0)
(0.006 0.033 0)
(0.007 0.033 0)
(0.008 0.033 0)
(0.009 0.033 0)
(0.01 0.033 0)
(0.011 0.033 0)
(0.012 0.033 0)
(0.013 0.033 0)
(0.014 0.033 0)
(0.015 0.033 0)
(0.016 0.033 0)
(0.017 0.033 0)
(0.018 0.033 0)
(0.019 0.033 0)
(0.02 0.033 0)
(0.021 0.033 0)
(0.022 0.033 0)
(0.023 0.033 0)
(0.024 0.033 0)
(0.025 0.033 0)
(0.026 0.033 0)
(0.027 0.033 0)
(0.028 0.033 0)
(0.029 0.033 0)
(0.03 0.033 0)
(0.031 0.033 0)
(0.032 0.033 0)
(0.033 0.033 0)
(0.034 0.033 0)
(0.035 0.033 0)
(0.036 0.033 0)
(0.037 0.033 0)
(0.038 0.033 0)
(0.039 0.033 0)
(0.04 0.033 0)
(0.041 0.033 0)
(0.042 0.033 0)
(0.043 0.033 0)
(0.044 0.033 0)
(0.045 0.033 0)
(0.046 0.033 0)
(0.047 0.033 0)
(0.048 0.033 0)
(0.049 0.033 0)
(0.05 0.033 0)
(0.051 0.033 0)
(0.052 0.033 0)
(0.053 0.033 0)
(0.054 0.033 0)
(0.055 0.033 0)
(0.056 0.033 0)
(0.057 0.033 0)
(0.058 0.033 0)
(0.059 0.033 0)
(0.06 0.033 0)
(0.061 0.033 0)
(0.062 0.033 0)
(0.063 0.033 0)
(0.064 0.033 0)
(0.065 0.033 0)
(0.066 0.033 0)
(0.067 0.033 0)
(0.068 0.033 0)
(0.069 0.033 0)
(0.07 0.033 0)
(0.071 0.033 0)
(0.072 0.033 0)
(0.073 0.033 0)
(0.074 0.033 0)
(0.075 0.033 0)
(0.076 0.033 0)
(0.077 0.033 0)
(0.078 0.033 0)
(0.079 0.033 0)
(0.08 0.033 0)
(0.081 0.033 0)
(0.082 0.033 0)
(0.083 0.033 0)
(0.084 0.033 0)
(0.085 0.033 0)
(0.086 0.033 0)
(0.087 0.033 0)
(0.088 0.033 0)
(0.089 0.033 0)
(0.09 0.033 0)
(0.091 0.033 0)
(0.092 0.033 0)
(0.093 0.033 0)
(0.094 0.033 0)
(0.095 0.033 0)
(0.096 0.033 0)
(0.097 0.033 0)
(0.098 0.033 0)
(0.099 0.033 0)
(0.1 0.033 0)
(0 0.034 0)
(0.001 0.034 0)
(0.002 0.034 0)
(0.003 0.034 0)
(0.004 0.034 0)
(0.005 0.034 0)
(0.006 0.034 0)
(0.007 0.034 0)
(0.008 0.034 0)
(0.009 0.034 0)
(0.01 0.034 0)
(0.011 0.034 0)
(0.012 0.034 0)
(0.013 0.034 0)
(0.014 0.034 0)
(0.015 0.034 0)
(0.016 0.034 0)
(0.017 0.034 0)
(0.018 0.034 0)
(0.019 0.034 0)
(0.02 0.034 0)
(0.021 0.034 0)
(0.022 0.034 0)
(0.023 0.034 0)
(0.024 0.034 0)
(0.025 0.034 0)
(0.026 0.034 0)
(0.027 0.034 0)
(0.028 0.034 0)
(0.029 0.034 0)
(0.03 0.034 0)
(0.031 0.034 0)
(0.032 0.034 0)
(0.033 0.034 0)
(0.034 0.034 0)
(0.035 0.034 0)
(0.036 0.034 0)
(0.037 0.034 0)
(0.038 0.034 0)
(0.039 0.034 0)
(0.04 0.034 0)
(0.041 0.034 0)
(0.042 0.034 0)
(0.043 0.034 0)
(0.044 0.034 0)
(0.045 0.034 0)
(0.046 0.034 0)
(0.047 0.034 0)
(0.048 0.034 0)
(0.049 0.034 0)
(0.05 0.034 0)
(0.051 0.034 0)
(0.052 0.034 0)
(0.053 0.034 0)
(0.054 0.034 0)
(0.055 0.034 0)
(0.056 0.034 0)
(0.057 0.034 0)
(0.058 0.034 0)
(0.059 0.034 0)
(0.06 0.034 0)
(0.061 0.034 0)
(0.062 0.034 0)
(0.063 0.034 0)
(0.064 0.034 0)
(0.065 0.034 0)
(0.066 0.034 0)
(0.067 0.034 0)
(0.068 0.034 0)
(0.069 0.034 0)
(0.07 0.034 0)
(0.071 0.034 0)
(0.072 0.034 0)
(0.073 0.034 0)
(0.074 0.034 0)
(0.075 0.034 0)
(0.076 0.034 0)
(0.077 0.034 0)
(0.078 0.034 0)
(0.079 0.034 0)
(0.08 0.034 0)
(0.081 0.034 0)
(0.082 0.034 0)
(0.083 0.034 0)
(0.084 0.034 0)
(0.085 0.034 0)
(0.086 0.034 0)
(0.087 0.034 0)
(0.088 0.034 0)
(0.089 0.034 0)
(0.09 0.034 0)
(0.091 0.034 0)
(0.092 0.034 0)
(0.093 0.034 0)
(0.094 0.034 0)
(0.095 0.034 0)
(0.096 0.034 0)
(0.097 0.034 0)
(0.098 0.034 0)
(0.099 0.034 0)
(0.1 0.034 0)
(0 0.035 0)
(0.001 0.035 0)
(0.002 0.035 0)
(0.003 0.035 0)
(0.004 0.035 0)
(0.005 0.035 0)
(0.006 0.035 0)
(0.007 0.035 0)
(0.008 0.035 0)
(0.009 0.035 0)
(0.01 0.035 0)
(0.011 0.035 0)
(0.012 0.035 0)
(0.013 0.035 0)
(0.014 0.035 0)
(0.015 0.035 0)
(0.016 0.035 0)
(0.017 0.035 0)
(0.018 0.035 0)
(0.019 0.035 0)
(0.02 0.035 0)
(0.021 0.035 0)
(0.022 0.035 0)
(0.023 0.035 0)
(0.024 0.035 0)
(0.025 0.035 0)
(0.026 0.035 0)
(0.027 0.035 0)
(0.028 0.035 0)
(0.029 0.035 0)
(0.03 0.035 0)
(0.031 0.035 0)
(0.032 0.035 0)
(0.033 0.035 0)
(0.034 0.035 0)
(0.035 0.035 0)
(0.036 0.035 0)
(0.037 0.035 0)
(0.038 0.035 0)
(0.039 0.035 0)
(0.04 0.035 0)
(0.041 0.035 0)
(0.042 0.035 0)
(0.043 0.035 0)
(0.044 0.035 0)
(0.045 0.035 0)
(0.046 0.035 0)
(0.047 0.035 0)
(0.048 0.035 0)
(0.049 0.035 0)
(0.05 0.035 0)
(0.051 0.035 0)
(0.052 0.035 0)
(0.053 0.035 0)
(0.054 0.035 0)
(0.055 0.035 0)
(0.056 0.035 0)
(0.057 0.035 0)
(0.058 0.035 0)
(0.059 0.035 0)
(0.06 0.035 0)
(0.061 0.035 0)
(0.062 0.035 0)
(0.063 0.035 0)
(0.064 0.035 0)
(0.065 0.035 0)
(0.066 0.035 0)
(0.067 0.035 0)
(0.068 0.035 0)
(0.069 0.035 0)
(0.07 0.035 0)
(0.071 0.035 0)
(0.072 0.035 0)
(0.073 0.035 0)
(0.074 0.035 0)
(0.075 0.035 0)
(0.076 0.035 0)
(0.077 0.035 0)
(0.078 0.035 0)
(0.079 0.035 0)
(0.08 0.035 0)
(0.081 0.035 0)
(0.082 0.035 0)
(0.083 0.035 0)
(0.084 0.035 0)
(0.085 0.035 0)
(0.086 0.035 0)
(0.087 0.035 0)
(0.088 0.035 0)
(0.089 0.035 0)
(0.09 0.035 0)
(0.091 0.035 0)
(0.092 0.035 0)
(0.093 0.035 0)
(0.094 0.035 0)
(0.095 0.035 0)
(0.096 0.035 0)
(0.097 0.035 0)
(0.098 0.035 0)
(0.099 0.035 0)
(0.1 0.035 0)
(0 0.036 0)
(0.001 0.036 0)
(0.002 0.036 0)
(0.003 0.036 0)
(0.004 0.036 0)
(0.005 0.036 0)
(0.006 0.036 0)
(0.007 0.036 0)
(0.008 0.036 0)
(0.009 0.036 0)
(0.01 0.036 0)
(0.011 0.036 0)
(0.012 0.036 0)
(0.013 0.036 0)
(0.014 0.036 0)
(0.015 0.036 0)
(0.016 0.036 0)
(0.017 0.036 0)
(0.018 0.036 0)
(0.019 0.036 0)
(0.02 0.036 0)
(0.021 0.036 0)
(0.022 0.036 0)
(0.023 0.036 0)
(0.024 0.036 0)
(0.025 0.036 0)
(0.026 0.036 0)
(0.027 0.036 0)
(0.028 0.036 0)
(0.029 0.036 0)
(0.03 0.036 0)
(0.031 0.036 0)
(0.032 0.036 0)
(0.033 0.036 0)
(0.034 0.036 0)
(0.035 0.036 0)
(0.036 0.036 0)
(0.037 0.036 0)
(0.038 0.036 0)
(0.039 0.036 0)
(0.04 0.036 0)
(0.041 0.036 0)
(0.042 0.036 0)
(0.043 0.036 0)
(0.044 0.036 0)
(0.045 0.036 0)
(0.046 0.036 0)
(0.047 0.036 0)
(0.048 0.036 0)
(0.049 0.036 0)
(0.05 0.036 0)
(0.051 0.036 0)
(0.052 0.036 0)
(0.053 0.036 0)
(0.054 0.036 0)
(0.055 0.036 0)
(0.056 0.036 0)
(0.057 0.036 0)
(0.058 0.036 0)
(0.059 0.036 0)
(0.06 0.036 0)
(0.061 0.036 0)
(0.062 0.036 0)
(0.063 0.036 0)
(0.064 0.036 0)
(0.065 0.036 0)
(0.066 0.036 0)
(0.067 0.036 0)
(0.068 0.036 0)
(0.069 0.036 0)
(0.07 0.036 0)
(0.071 0.036 0)
(0.072 0.036 0)
(0.073 0.036 0)
(0.074 0.036 0)
(0.075 0.036 0)
(0.076 0.036 0)
(0.077 0.036 0)
(0.078 0.036 0)
(0.079 0.036 0)
(0.08 0.036 0)
(0.081 0.036 0)
(0.082 0.036 0)
(0.083 0.036 0)
(0.084 0.036 0)
(0.085 0.036 0)
(0.086 0.036 0)
(0.087 0.036 0)
(0.088 0.036 0)
(0.089 0.036 0)
(0.09 0.036 0)
(0.091 0.036 0)
(0.092 0.036 0)
(0.093 0.036 0)
(0.094 0.036 0)
(0.095 0.036 0)
(0.096 0.036 0)
(0.097 0.036 0)
(0.098 0.036 0)
(0.099 0.036 0)
(0.1 0.036 0)
(0 0.037 0)
(0.001 0.037 0)
(0.002 0.037 0)
(0.003 0.037 0)
(0.004 0.037 0)
(0.005 0.037 0)
(0.006 0.037 0)
(0.007 0.037 0)
(0.008 0.037 0)
(0.009 0.037 0)
(0.01 0.037 0)
(0.011 0.037 0)
(0.012 0.037 0)
(0.013 0.037 0)
(0.014 0.037 0)
(0.015 0.037 0)
(0.016 0.037 0)
(0.017 0.037 0)
(0.018 0.037 0)
(0.019 0.037 0)
(0.02 0.037 0)
(0.021 0.037 0)
(0.022 0.037 0)
(0.023 0.037 0)
(0.024 0.037 0)
(0.025 0.037 0)
(0.026 0.037 0)
(0.027 0.037 0)
(0.028 0.037 0)
(0.029 0.037 0)
(0.03 0.037 0)
(0.031 0.037 0)
(0.032 0.037 0)
(0.033 0.037 0)
(0.034 0.037 0)
(0.035 0.037 0)
(0.036 0.037 0)
(0.037 0.037 0)
(0.038 0.037 0)
(0.039 0.037 0)
(0.04 0.037 0)
(0.041 0.037 0)
(0.042 0.037 0)
(0.043 0.037 0)
(0.044 0.037 0)
(0.045 0.037 0)
(0.046 0.037 0)
(0.047 0.037 0)
(0.048 0.037 0)
(0.049 0.037 0)
(0.05 0.037 0)
(0.051 0.037 0)
(0.052 0.037 0)
(0.053 0.037 0)
(0.054 0.037 0)
(0.055 0.037 0)
(0.056 0.037 0)
(0.057 0.037 0)
(0.058 0.037 0)
(0.059 0.037 0)
(0.06 0.037 0)
(0.061 0.037 0)
(0.062 0.037 0)
(0.063 0.037 0)
(0.064 0.037 0)
(0.065 0.037 0)
(0.066 0.037 0)
(0.067 0.037 0)
(0.068 0.037 0)
(0.069 0.037 0)
(0.07 0.037 0)
(0.071 0.037 0)
(0.072 0.037 0)
(0.073 0.037 0)
(0.074 0.037 0)
(0.075 0.037 0)
(0.076 0.037 0)
(0.077 0.037 0)
(0.078 0.037 0)
(0.079 0.037 0)
(0.08 0.037 0)
(0.081 0.037 0)
(0.082 0.037 0)
(0.083 0.037 0)
(0.084 0.037 0)
(0.085 0.037 0)
(0.086 0.037 0)
(0.087 0.037 0)
(0.088 0.037 0)
(0.089 0.037 0)
(0.09 0.037 0)
(0.091 0.037 0)
(0.092 0.037 0)
(0.093 0.037 0)
(0.094 0.037 0)
(0.095 0.037 0)
(0.096 0.037 0)
(0.097 0.037 0)
(0.098 0.037 0)
(0.099 0.037 0)
(0.1 0.037 0)
(0 0.038 0)
(0.001 0.038 0)
(0.002 0.038 0)
(0.003 0.038 0)
(0.004 0.038 0)
(0.005 0.038 0)
(0.006 0.038 0)
(0.007 0.038 0)
(0.008 0.038 0)
(0.009 0.038 0)
(0.01 0.038 0)
(0.011 0.038 0)
(0.012 0.038 0)
(0.013 0.038 0)
(0.014 0.038 0)
(0.015 0.038 0)
(0.016 0.038 0)
(0.017 0.038 0)
(0.018 0.038 0)
(0.019 0.038 0)
(0.02 0.038 0)
(0.021 0.038 0)
(0.022 0.038 0)
(0.023 0.038 0)
(0.024 0.038 0)
(0.025 0.038 0)
(0.026 0.038 0)
(0.027 0.038 0)
(0.028 0.038 0)
(0.029 0.038 0)
(0.03 0.038 0)
(0.031 0.038 0)
(0.032 0.038 0)
(0.033 0.038 0)
(0.034 0.038 0)
(0.035 0.038 0)
(0.036 0.038 0)
(0.037 0.038 0)
(0.038 0.038 0)
(0.039 0.038 0)
(0.04 0.038 0)
(0.041 0.038 0)
(0.042 0.038 0)
(0.043 0.038 0)
(0.044 0.038 0)
(0.045 0.038 0)
(0.046 0.038 0)
(0.047 0.038 0)
(0.048 0.038 0)
(0.049 0.038 0)
(0.05 0.038 0)
(0.051 0.038 0)
(0.052 0.038 0)
(0.053 0.038 0)
(0.054 0.038 0)
(0.055 0.038 0)
(0.056 0.038 0)
(0.057 0.038 0)
(0.058 0.038 0)
(0.059 0.038 0)
(0.06 0.038 0)
(0.061 0.038 0)
(0.062 0.038 0)
(0.063 0.038 0)
(0.064 0.038 0)
(0.065 0.038 0)
(0.066 0.038 0)
(0.067 0.038 0)
(0.068 0.038 0)
(0.069 0.038 0)
(0.07 0.038 0)
(0.071 0.038 0)
(0.072 0.038 0)
(0.073 0.038 0)
(0.074 0.038 0)
(0.075 0.038 0)
(0.076 0.038 0)
(0.077 0.038 0)
(0.078 0.038 0)
(0.079 0.038 0)
(0.08 0.038 0)
(0.081 0.038 0)
(0.082 0.038 0)
(0.083 0.038 0)
(0.084 0.038 0)
(0.085 0.038 0)
(0.086 0.038 0)
(0.087 0.038 0)
(0.088 0.038 0)
(0.089 0.038 0)
(0.09 0.038 0)
(0.091 0.038 0)
(0.092 0.038 0)
(0.093 0.038 0)
(0.094 0.038 0)
(0.095 0.038 0)
(0.096 0.038 0)
(0.097 0.038 0)
(0.098 0.038 0)
(0.099 0.038 0)
(0.1 0.038 0)
(0 0.039 0)
(0.001 0.039 0)
(0.002 0.039 0)
(0.003 0.039 0)
(0.004 0.039 0)
(0.005 0.039 0)
(0.006 0.039 0)
(0.007 0.039 0)
(0.008 0.039 0)
(0.009 0.039 0)
(0.01 0.039 0)
(0.011 0.039 0)
(0.012 0.039 0)
(0.013 0.039 0)
(0.014 0.039 0)
(0.015 0.039 0)
(0.016 0.039 0)
(0.017 0.039 0)
(0.018 0.039 0)
(0.019 0.039 0)
(0.02 0.039 0)
(0.021 0.039 0)
(0.022 0.039 0)
(0.023 0.039 0)
(0.024 0.039 0)
(0.025 0.039 0)
(0.026 0.039 0)
(0.027 0.039 0)
(0.028 0.039 0)
(0.029 0.039 0)
(0.03 0.039 0)
(0.031 0.039 0)
(0.032 0.039 0)
(0.033 0.039 0)
(0.034 0.039 0)
(0.035 0.039 0)
(0.036 0.039 0)
(0.037 0.039 0)
(0.038 0.039 0)
(0.039 0.039 0)
(0.04 0.039 0)
(0.041 0.039 0)
(0.042 0.039 0)
(0.043 0.039 0)
(0.044 0.039 0)
(0.045 0.039 0)
(0.046 0.039 0)
(0.047 0.039 0)
(0.048 0.039 0)
(0.049 0.039 0)
(0.05 0.039 0)
(0.051 0.039 0)
(0.052 0.039 0)
(0.053 0.039 0)
(0.054 0.039 0)
(0.055 0.039 0)
(0.056 0.039 0)
(0.057 0.039 0)
(0.058 0.039 0)
(0.059 0.039 0)
(0.06 0.039 0)
(0.061 0.039 0)
(0.062 0.039 0)
(0.063 0.039 0)
(0.064 0.039 0)
(0.065 0.039 0)
(0.066 0.039 0)
(0.067 0.039 0)
(0.068 0.039 0)
(0.069 0.039 0)
(0.07 0.039 0)
(0.071 0.039 0)
(0.072 0.039 0)
(0.073 0.039 0)
(0.074 0.039 0)
(0.075 0.039 0)
(0.076 0.039 0)
(0.077 0.039 0)
(0.078 0.039 0)
(0.079 0.039 0)
(0.08 0.039 0)
(0.081 0.039 0)
(0.082 0.039 0)
(0.083 0.039 0)
(0.084 0.039 0)
(0.085 0.039 0)
(0.086 0.039 0)
(0.087 0.039 0)
(0.088 0.039 0)
(0.089 0.039 0)
(0.09 0.039 0)
(0.091 0.039 0)
(0.092 0.039 0)
(0.093 0.039 0)
(0.094 0.039 0)
(0.095 0.039 0)
(0.096 0.039 0)
(0.097 0.039 0)
(0.098 0.039 0)
(0.099 0.039 0)
(0.1 0.039 0)
(0 0.04 0)
(0.001 0.04 0)
(0.002 0.04 0)
(0.003 0.04 0)
(0.004 0.04 0)
(0.005 0.04 0)
(0.006 0.04 0)
(0.007 0.04 0)
(0.008 0.04 0)
(0.009 0.04 0)
(0.01 0.04 0)
(0.011 0.04 0)
(0.012 0.04 0)
(0.013 0.04 0)
(0.014 0.04 0)
(0.015 0.04 0)
(0.016 0.04 0)
(0.017 0.04 0)
(0.018 0.04 0)
(0.019 0.04 0)
(0.02 0.04 0)
(0.021 0.04 0)
(0.022 0.04 0)
(0.023 0.04 0)
(0.024 0.04 0)
(0.025 0.04 0)
(0.026 0.04 0)
(0.027 0.04 0)
(0.028 0.04 0)
(0.029 0.04 0)
(0.03 0.04 0)
(0.031 0.04 0)
(0.032 0.04 0)
(0.033 0.04 0)
(0.034 0.04 0)
(0.035 0.04 0)
(0.036 0.04 0)
(0.037 0.04 0)
(0.038 0.04 0)
(0.039 0.04 0)
(0.04 0.04 0)
(0.041 0.04 0)
(0.042 0.04 0)
(0.043 0.04 0)
(0.044 0.04 0)
(0.045 0.04 0)
(0.046 0.04 0)
(0.047 0.04 0)
(0.048 0.04 0)
(0.049 0.04 0)
(0.05 0.04 0)
(0.051 0.04 0)
(0.052 0.04 0)
(0.053 0.04 0)
(0.054 0.04 0)
(0.055 0.04 0)
(0.056 0.04 0)
(0.057 0.04 0)
(0.058 0.04 0)
(0.059 0.04 0)
(0.06 0.04 0)
(0.061 0.04 0)
(0.062 0.04 0)
(0.063 0.04 0)
(0.064 0.04 0)
(0.065 0.04 0)
(0.066 0.04 0)
(0.067 0.04 0)
(0.068 0.04 0)
(0.069 0.04 0)
(0.07 0.04 0)
(0.071 0.04 0)
(0.072 0.04 0)
(0.073 0.04 0)
(0.074 0.04 0)
(0.075 0.04 0)
(0.076 0.04 0)
(0.077 0.04 0)
(0.078 0.04 0)
(0.079 0.04 0)
(0.08 0.04 0)
(0.081 0.04 0)
(0.082 0.04 0)
(0.083 0.04 0)
(0.084 0.04 0)
(0.085 0.04 0)
(0.086 0.04 0)
(0.087 0.04 0)
(0.088 0.04 0)
(0.089 0.04 0)
(0.09 0.04 0)
(0.091 0.04 0)
(0.092 0.04 0)
(0.093 0.04 0)
(0.094 0.04 0)
(0.095 0.04 0)
(0.096 0.04 0)
(0.097 0.04 0)
(0.098 0.04 0)
(0.099 0.04 0)
(0.1 0.04 0)
(0 0 0.001)
(0.001 0 0.001)
(0.002 0 0.001)
(0.003 0 0.001)
(0.004 0 0.001)
(0.005 0 0.001)
(0.006 0 0.001)
(0.007 0 0.001)
(0.008 0 0.001)
(0.009 0 0.001)
(0.01 0 0.001)
(0.011 0 0.001)
(0.012 0 0.001)
(0.013 0 0.001)
(0.014 0 0.001)
(0.015 0 0.001)
(0.016 0 0.001)
(0.017 0 0.001)
(0.018 0 0.001)
(0.019 0 0.001)
(0.02 0 0.001)
(0.021 0 0.001)
(0.022 0 0.001)
(0.023 0 0.001)
(0.024 0 0.001)
(0.025 0 0.001)
(0.026 0 0.001)
(0.027 0 0.001)
(0.028 0 0.001)
(0.029 0 0.001)
(0.03 0 0.001)
(0.031 0 0.001)
(0.032 0 0.001)
(0.033 0 0.001)
(0.034 0 0.001)
(0.035 0 0.001)
(0.036 0 0.001)
(0.037 0 0.001)
(0.038 0 0.001)
(0.039 0 0.001)
(0.04 0 0.001)
(0.041 0 0.001)
(0.042 0 0.001)
(0.043 0 0.001)
(0.044 0 0.001)
(0.045 0 0.001)
(0.046 0 0.001)
(0.047 0 0.001)
(0.048 0 0.001)
(0.049 0 0.001)
(0.05 0 0.001)
(0.051 0 0.001)
(0.052 0 0.001)
(0.053 0 0.001)
(0.054 0 0.001)
(0.055 0 0.001)
(0.056 0 0.001)
(0.057 0 0.001)
(0.058 0 0.001)
(0.059 0 0.001)
(0.06 0 0.001)
(0.061 0 0.001)
(0.062 0 0.001)
(0.063 0 0.001)
(0.064 0 0.001)
(0.065 0 0.001)
(0.066 0 0.001)
(0.067 0 0.001)
(0.068 0 0.001)
(0.069 0 0.001)
(0.07 0 0.001)
(0.071 0 0.001)
(0.072 0 0.001)
(0.073 0 0.001)
(0.074 0 0.001)
(0.075 0 0.001)
(0.076 0 0.001)
(0.077 0 0.001)
(0.078 0 0.001)
(0.079 0 0.001)
(0.08 0 0.001)
(0.081 0 0.001)
(0.082 0 0.001)
(0.083 0 0.001)
(0.084 0 0.001)
(0.085 0 0.001)
(0.086 0 0.001)
(0.087 0 0.001)
(0.088 0 0.001)
(0.089 0 0.001)
(0.09 0 0.001)
(0.091 0 0.001)
(0.092 0 0.001)
(0.093 0 0.001)
(0.094 0 0.001)
(0.095 0 0.001)
(0.096 0 0.001)
(0.097 0 0.001)
(0.098 0 0.001)
(0.099 0 0.001)
(0.1 0 0.001)
(0 0.001 0.001)
(0.001 0.001 0.001)
(0.002 0.001 0.001)
(0.003 0.001 0.001)
(0.004 0.001 0.001)
(0.005 0.001 0.001)
(0.006 0.001 0.001)
(0.007 0.001 0.001)
(0.008 0.001 0.001)
(0.009 0.001 0.001)
(0.01 0.001 0.001)
(0.011 0.001 0.001)
(0.012 0.001 0.001)
(0.013 0.001 0.001)
(0.014 0.001 0.001)
(0.015 0.001 0.001)
(0.016 0.001 0.001)
(0.017 0.001 0.001)
(0.018 0.001 0.001)
(0.019 0.001 0.001)
(0.02 0.001 0.001)
(0.021 0.001 0.001)
(0.022 0.001 0.001)
(0.023 0.001 0.001)
(0.024 0.001 0.001)
(0.025 0.001 0.001)
(0.026 0.001 0.001)
(0.027 0.001 0.001)
(0.028 0.001 0.001)
(0.029 0.001 0.001)
(0.03 0.001 0.001)
(0.031 0.001 0.001)
(0.032 0.001 0.001)
(0.033 0.001 0.001)
(0.034 0.001 0.001)
(0.035 0.001 0.001)
(0.036 0.001 0.001)
(0.037 0.001 0.001)
(0.038 0.001 0.001)
(0.039 0.001 0.001)
(0.04 0.001 0.001)
(0.041 0.001 0.001)
(0.042 0.001 0.001)
(0.043 0.001 0.001)
(0.044 0.001 0.001)
(0.045 0.001 0.001)
(0.046 0.001 0.001)
(0.047 0.001 0.001)
(0.048 0.001 0.001)
(0.049 0.001 0.001)
(0.05 0.001 0.001)
(0.051 0.001 0.001)
(0.052 0.001 0.001)
(0.053 0.001 0.001)
(0.054 0.001 0.001)
(0.055 0.001 0.001)
(0.056 0.001 0.001)
(0.057 0.001 0.001)
(0.058 0.001 0.001)
(0.059 0.001 0.001)
(0.06 0.001 0.001)
(0.061 0.001 0.001)
(0.062 0.001 0.001)
(0.063 0.001 0.001)
(0.064 0.001 0.001)
(0.065 0.001 0.001)
(0.066 0.001 0.001)
(0.067 0.001 0.001)
(0.068 0.001 0.001)
(0.069 0.001 0.001)
(0.07 0.001 0.001)
(0.071 0.001 0.001)
(0.072 0.001 0.001)
(0.073 0.001 0.001)
(0.074 0.001 0.001)
(0.075 0.001 0.001)
(0.076 0.001 0.001)
(0.077 0.001 0.001)
(0.078 0.001 0.001)
(0.079 0.001 0.001)
(0.08 0.001 0.001)
(0.081 0.001 0.001)
(0.082 0.001 0.001)
(0.083 0.001 0.001)
(0.084 0.001 0.001)
(0.085 0.001 0.001)
(0.086 0.001 0.001)
(0.087 0.001 0.001)
(0.088 0.001 0.001)
(0.089 0.001 0.001)
(0.09 0.001 0.001)
(0.091 0.001 0.001)
(0.092 0.001 0.001)
(0.093 0.001 0.001)
(0.094 0.001 0.001)
(0.095 0.001 0.001)
(0.096 0.001 0.001)
(0.097 0.001 0.001)
(0.098 0.001 0.001)
(0.099 0.001 0.001)
(0.1 0.001 0.001)
(0 0.002 0.001)
(0.001 0.002 0.001)
(0.002 0.002 0.001)
(0.003 0.002 0.001)
(0.004 0.002 0.001)
(0.005 0.002 0.001)
(0.006 0.002 0.001)
(0.007 0.002 0.001)
(0.008 0.002 0.001)
(0.009 0.002 0.001)
(0.01 0.002 0.001)
(0.011 0.002 0.001)
(0.012 0.002 0.001)
(0.013 0.002 0.001)
(0.014 0.002 0.001)
(0.015 0.002 0.001)
(0.016 0.002 0.001)
(0.017 0.002 0.001)
(0.018 0.002 0.001)
(0.019 0.002 0.001)
(0.02 0.002 0.001)
(0.021 0.002 0.001)
(0.022 0.002 0.001)
(0.023 0.002 0.001)
(0.024 0.002 0.001)
(0.025 0.002 0.001)
(0.026 0.002 0.001)
(0.027 0.002 0.001)
(0.028 0.002 0.001)
(0.029 0.002 0.001)
(0.03 0.002 0.001)
(0.031 0.002 0.001)
(0.032 0.002 0.001)
(0.033 0.002 0.001)
(0.034 0.002 0.001)
(0.035 0.002 0.001)
(0.036 0.002 0.001)
(0.037 0.002 0.001)
(0.038 0.002 0.001)
(0.039 0.002 0.001)
(0.04 0.002 0.001)
(0.041 0.002 0.001)
(0.042 0.002 0.001)
(0.043 0.002 0.001)
(0.044 0.002 0.001)
(0.045 0.002 0.001)
(0.046 0.002 0.001)
(0.047 0.002 0.001)
(0.048 0.002 0.001)
(0.049 0.002 0.001)
(0.05 0.002 0.001)
(0.051 0.002 0.001)
(0.052 0.002 0.001)
(0.053 0.002 0.001)
(0.054 0.002 0.001)
(0.055 0.002 0.001)
(0.056 0.002 0.001)
(0.057 0.002 0.001)
(0.058 0.002 0.001)
(0.059 0.002 0.001)
(0.06 0.002 0.001)
(0.061 0.002 0.001)
(0.062 0.002 0.001)
(0.063 0.002 0.001)
(0.064 0.002 0.001)
(0.065 0.002 0.001)
(0.066 0.002 0.001)
(0.067 0.002 0.001)
(0.068 0.002 0.001)
(0.069 0.002 0.001)
(0.07 0.002 0.001)
(0.071 0.002 0.001)
(0.072 0.002 0.001)
(0.073 0.002 0.001)
(0.074 0.002 0.001)
(0.075 0.002 0.001)
(0.076 0.002 0.001)
(0.077 0.002 0.001)
(0.078 0.002 0.001)
(0.079 0.002 0.001)
(0.08 0.002 0.001)
(0.081 0.002 0.001)
(0.082 0.002 0.001)
(0.083 0.002 0.001)
(0.084 0.002 0.001)
(0.085 0.002 0.001)
(0.086 0.002 0.001)
(0.087 0.002 0.001)
(0.088 0.002 0.001)
(0.089 0.002 0.001)
(0.09 0.002 0.001)
(0.091 0.002 0.001)
(0.092 0.002 0.001)
(0.093 0.002 0.001)
(0.094 0.002 0.001)
(0.095 0.002 0.001)
(0.096 0.002 0.001)
(0.097 0.002 0.001)
(0.098 0.002 0.001)
(0.099 0.002 0.001)
(0.1 0.002 0.001)
(0 0.003 0.001)
(0.001 0.003 0.001)
(0.002 0.003 0.001)
(0.003 0.003 0.001)
(0.004 0.003 0.001)
(0.005 0.003 0.001)
(0.006 0.003 0.001)
(0.007 0.003 0.001)
(0.008 0.003 0.001)
(0.009 0.003 0.001)
(0.01 0.003 0.001)
(0.011 0.003 0.001)
(0.012 0.003 0.001)
(0.013 0.003 0.001)
(0.014 0.003 0.001)
(0.015 0.003 0.001)
(0.016 0.003 0.001)
(0.017 0.003 0.001)
(0.018 0.003 0.001)
(0.019 0.003 0.001)
(0.02 0.003 0.001)
(0.021 0.003 0.001)
(0.022 0.003 0.001)
(0.023 0.003 0.001)
(0.024 0.003 0.001)
(0.025 0.003 0.001)
(0.026 0.003 0.001)
(0.027 0.003 0.001)
(0.028 0.003 0.001)
(0.029 0.003 0.001)
(0.03 0.003 0.001)
(0.031 0.003 0.001)
(0.032 0.003 0.001)
(0.033 0.003 0.001)
(0.034 0.003 0.001)
(0.035 0.003 0.001)
(0.036 0.003 0.001)
(0.037 0.003 0.001)
(0.038 0.003 0.001)
(0.039 0.003 0.001)
(0.04 0.003 0.001)
(0.041 0.003 0.001)
(0.042 0.003 0.001)
(0.043 0.003 0.001)
(0.044 0.003 0.001)
(0.045 0.003 0.001)
(0.046 0.003 0.001)
(0.047 0.003 0.001)
(0.048 0.003 0.001)
(0.049 0.003 0.001)
(0.05 0.003 0.001)
(0.051 0.003 0.001)
(0.052 0.003 0.001)
(0.053 0.003 0.001)
(0.054 0.003 0.001)
(0.055 0.003 0.001)
(0.056 0.003 0.001)
(0.057 0.003 0.001)
(0.058 0.003 0.001)
(0.059 0.003 0.001)
(0.06 0.003 0.001)
(0.061 0.003 0.001)
(0.062 0.003 0.001)
(0.063 0.003 0.001)
(0.064 0.003 0.001)
(0.065 0.003 0.001)
(0.066 0.003 0.001)
(0.067 0.003 0.001)
(0.068 0.003 0.001)
(0.069 0.003 0.001)
(0.07 0.003 0.001)
(0.071 0.003 0.001)
(0.072 0.003 0.001)
(0.073 0.003 0.001)
(0.074 0.003 0.001)
(0.075 0.003 0.001)
(0.076 0.003 0.001)
(0.077 0.003 0.001)
(0.078 0.003 0.001)
(0.079 0.003 0.001)
(0.08 0.003 0.001)
(0.081 0.003 0.001)
(0.082 0.003 0.001)
(0.083 0.003 0.001)
(0.084 0.003 0.001)
(0.085 0.003 0.001)
(0.086 0.003 0.001)
(0.087 0.003 0.001)
(0.088 0.003 0.001)
(0.089 0.003 0.001)
(0.09 0.003 0.001)
(0.091 0.003 0.001)
(0.092 0.003 0.001)
(0.093 0.003 0.001)
(0.094 0.003 0.001)
(0.095 0.003 0.001)
(0.096 0.003 0.001)
(0.097 0.003 0.001)
(0.098 0.003 0.001)
(0.099 0.003 0.001)
(0.1 0.003 0.001)
(0 0.004 0.001)
(0.001 0.004 0.001)
(0.002 0.004 0.001)
(0.003 0.004 0.001)
(0.004 0.004 0.001)
(0.005 0.004 0.001)
(0.006 0.004 0.001)
(0.007 0.004 0.001)
(0.008 0.004 0.001)
(0.009 0.004 0.001)
(0.01 0.004 0.001)
(0.011 0.004 0.001)
(0.012 0.004 0.001)
(0.013 0.004 0.001)
(0.014 0.004 0.001)
(0.015 0.004 0.001)
(0.016 0.004 0.001)
(0.017 0.004 0.001)
(0.018 0.004 0.001)
(0.019 0.004 0.001)
(0.02 0.004 0.001)
(0.021 0.004 0.001)
(0.022 0.004 0.001)
(0.023 0.004 0.001)
(0.024 0.004 0.001)
(0.025 0.004 0.001)
(0.026 0.004 0.001)
(0.027 0.004 0.001)
(0.028 0.004 0.001)
(0.029 0.004 0.001)
(0.03 0.004 0.001)
(0.031 0.004 0.001)
(0.032 0.004 0.001)
(0.033 0.004 0.001)
(0.034 0.004 0.001)
(0.035 0.004 0.001)
(0.036 0.004 0.001)
(0.037 0.004 0.001)
(0.038 0.004 0.001)
(0.039 0.004 0.001)
(0.04 0.004 0.001)
(0.041 0.004 0.001)
(0.042 0.004 0.001)
(0.043 0.004 0.001)
(0.044 0.004 0.001)
(0.045 0.004 0.001)
(0.046 0.004 0.001)
(0.047 0.004 0.001)
(0.048 0.004 0.001)
(0.049 0.004 0.001)
(0.05 0.004 0.001)
(0.051 0.004 0.001)
(0.052 0.004 0.001)
(0.053 0.004 0.001)
(0.054 0.004 0.001)
(0.055 0.004 0.001)
(0.056 0.004 0.001)
(0.057 0.004 0.001)
(0.058 0.004 0.001)
(0.059 0.004 0.001)
(0.06 0.004 0.001)
(0.061 0.004 0.001)
(0.062 0.004 0.001)
(0.063 0.004 0.001)
(0.064 0.004 0.001)
(0.065 0.004 0.001)
(0.066 0.004 0.001)
(0.067 0.004 0.001)
(0.068 0.004 0.001)
(0.069 0.004 0.001)
(0.07 0.004 0.001)
(0.071 0.004 0.001)
(0.072 0.004 0.001)
(0.073 0.004 0.001)
(0.074 0.004 0.001)
(0.075 0.004 0.001)
(0.076 0.004 0.001)
(0.077 0.004 0.001)
(0.078 0.004 0.001)
(0.079 0.004 0.001)
(0.08 0.004 0.001)
(0.081 0.004 0.001)
(0.082 0.004 0.001)
(0.083 0.004 0.001)
(0.084 0.004 0.001)
(0.085 0.004 0.001)
(0.086 0.004 0.001)
(0.087 0.004 0.001)
(0.088 0.004 0.001)
(0.089 0.004 0.001)
(0.09 0.004 0.001)
(0.091 0.004 0.001)
(0.092 0.004 0.001)
(0.093 0.004 0.001)
(0.094 0.004 0.001)
(0.095 0.004 0.001)
(0.096 0.004 0.001)
(0.097 0.004 0.001)
(0.098 0.004 0.001)
(0.099 0.004 0.001)
(0.1 0.004 0.001)
(0 0.005 0.001)
(0.001 0.005 0.001)
(0.002 0.005 0.001)
(0.003 0.005 0.001)
(0.004 0.005 0.001)
(0.005 0.005 0.001)
(0.006 0.005 0.001)
(0.007 0.005 0.001)
(0.008 0.005 0.001)
(0.009 0.005 0.001)
(0.01 0.005 0.001)
(0.011 0.005 0.001)
(0.012 0.005 0.001)
(0.013 0.005 0.001)
(0.014 0.005 0.001)
(0.015 0.005 0.001)
(0.016 0.005 0.001)
(0.017 0.005 0.001)
(0.018 0.005 0.001)
(0.019 0.005 0.001)
(0.02 0.005 0.001)
(0.021 0.005 0.001)
(0.022 0.005 0.001)
(0.023 0.005 0.001)
(0.024 0.005 0.001)
(0.025 0.005 0.001)
(0.026 0.005 0.001)
(0.027 0.005 0.001)
(0.028 0.005 0.001)
(0.029 0.005 0.001)
(0.03 0.005 0.001)
(0.031 0.005 0.001)
(0.032 0.005 0.001)
(0.033 0.005 0.001)
(0.034 0.005 0.001)
(0.035 0.005 0.001)
(0.036 0.005 0.001)
(0.037 0.005 0.001)
(0.038 0.005 0.001)
(0.039 0.005 0.001)
(0.04 0.005 0.001)
(0.041 0.005 0.001)
(0.042 0.005 0.001)
(0.043 0.005 0.001)
(0.044 0.005 0.001)
(0.045 0.005 0.001)
(0.046 0.005 0.001)
(0.047 0.005 0.001)
(0.048 0.005 0.001)
(0.049 0.005 0.001)
(0.05 0.005 0.001)
(0.051 0.005 0.001)
(0.052 0.005 0.001)
(0.053 0.005 0.001)
(0.054 0.005 0.001)
(0.055 0.005 0.001)
(0.056 0.005 0.001)
(0.057 0.005 0.001)
(0.058 0.005 0.001)
(0.059 0.005 0.001)
(0.06 0.005 0.001)
(0.061 0.005 0.001)
(0.062 0.005 0.001)
(0.063 0.005 0.001)
(0.064 0.005 0.001)
(0.065 0.005 0.001)
(0.066 0.005 0.001)
(0.067 0.005 0.001)
(0.068 0.005 0.001)
(0.069 0.005 0.001)
(0.07 0.005 0.001)
(0.071 0.005 0.001)
(0.072 0.005 0.001)
(0.073 0.005 0.001)
(0.074 0.005 0.001)
(0.075 0.005 0.001)
(0.076 0.005 0.001)
(0.077 0.005 0.001)
(0.078 0.005 0.001)
(0.079 0.005 0.001)
(0.08 0.005 0.001)
(0.081 0.005 0.001)
(0.082 0.005 0.001)
(0.083 0.005 0.001)
(0.084 0.005 0.001)
(0.085 0.005 0.001)
(0.086 0.005 0.001)
(0.087 0.005 0.001)
(0.088 0.005 0.001)
(0.089 0.005 0.001)
(0.09 0.005 0.001)
(0.091 0.005 0.001)
(0.092 0.005 0.001)
(0.093 0.005 0.001)
(0.094 0.005 0.001)
(0.095 0.005 0.001)
(0.096 0.005 0.001)
(0.097 0.005 0.001)
(0.098 0.005 0.001)
(0.099 0.005 0.001)
(0.1 0.005 0.001)
(0 0.006 0.001)
(0.001 0.006 0.001)
(0.002 0.006 0.001)
(0.003 0.006 0.001)
(0.004 0.006 0.001)
(0.005 0.006 0.001)
(0.006 0.006 0.001)
(0.007 0.006 0.001)
(0.008 0.006 0.001)
(0.009 0.006 0.001)
(0.01 0.006 0.001)
(0.011 0.006 0.001)
(0.012 0.006 0.001)
(0.013 0.006 0.001)
(0.014 0.006 0.001)
(0.015 0.006 0.001)
(0.016 0.006 0.001)
(0.017 0.006 0.001)
(0.018 0.006 0.001)
(0.019 0.006 0.001)
(0.02 0.006 0.001)
(0.021 0.006 0.001)
(0.022 0.006 0.001)
(0.023 0.006 0.001)
(0.024 0.006 0.001)
(0.025 0.006 0.001)
(0.026 0.006 0.001)
(0.027 0.006 0.001)
(0.028 0.006 0.001)
(0.029 0.006 0.001)
(0.03 0.006 0.001)
(0.031 0.006 0.001)
(0.032 0.006 0.001)
(0.033 0.006 0.001)
(0.034 0.006 0.001)
(0.035 0.006 0.001)
(0.036 0.006 0.001)
(0.037 0.006 0.001)
(0.038 0.006 0.001)
(0.039 0.006 0.001)
(0.04 0.006 0.001)
(0.041 0.006 0.001)
(0.042 0.006 0.001)
(0.043 0.006 0.001)
(0.044 0.006 0.001)
(0.045 0.006 0.001)
(0.046 0.006 0.001)
(0.047 0.006 0.001)
(0.048 0.006 0.001)
(0.049 0.006 0.001)
(0.05 0.006 0.001)
(0.051 0.006 0.001)
(0.052 0.006 0.001)
(0.053 0.006 0.001)
(0.054 0.006 0.001)
(0.055 0.006 0.001)
(0.056 0.006 0.001)
(0.057 0.006 0.001)
(0.058 0.006 0.001)
(0.059 0.006 0.001)
(0.06 0.006 0.001)
(0.061 0.006 0.001)
(0.062 0.006 0.001)
(0.063 0.006 0.001)
(0.064 0.006 0.001)
(0.065 0.006 0.001)
(0.066 0.006 0.001)
(0.067 0.006 0.001)
(0.068 0.006 0.001)
(0.069 0.006 0.001)
(0.07 0.006 0.001)
(0.071 0.006 0.001)
(0.072 0.006 0.001)
(0.073 0.006 0.001)
(0.074 0.006 0.001)
(0.075 0.006 0.001)
(0.076 0.006 0.001)
(0.077 0.006 0.001)
(0.078 0.006 0.001)
(0.079 0.006 0.001)
(0.08 0.006 0.001)
(0.081 0.006 0.001)
(0.082 0.006 0.001)
(0.083 0.006 0.001)
(0.084 0.006 0.001)
(0.085 0.006 0.001)
(0.086 0.006 0.001)
(0.087 0.006 0.001)
(0.088 0.006 0.001)
(0.089 0.006 0.001)
(0.09 0.006 0.001)
(0.091 0.006 0.001)
(0.092 0.006 0.001)
(0.093 0.006 0.001)
(0.094 0.006 0.001)
(0.095 0.006 0.001)
(0.096 0.006 0.001)
(0.097 0.006 0.001)
(0.098 0.006 0.001)
(0.099 0.006 0.001)
(0.1 0.006 0.001)
(0 0.007 0.001)
(0.001 0.007 0.001)
(0.002 0.007 0.001)
(0.003 0.007 0.001)
(0.004 0.007 0.001)
(0.005 0.007 0.001)
(0.006 0.007 0.001)
(0.007 0.007 0.001)
(0.008 0.007 0.001)
(0.009 0.007 0.001)
(0.01 0.007 0.001)
(0.011 0.007 0.001)
(0.012 0.007 0.001)
(0.013 0.007 0.001)
(0.014 0.007 0.001)
(0.015 0.007 0.001)
(0.016 0.007 0.001)
(0.017 0.007 0.001)
(0.018 0.007 0.001)
(0.019 0.007 0.001)
(0.02 0.007 0.001)
(0.021 0.007 0.001)
(0.022 0.007 0.001)
(0.023 0.007 0.001)
(0.024 0.007 0.001)
(0.025 0.007 0.001)
(0.026 0.007 0.001)
(0.027 0.007 0.001)
(0.028 0.007 0.001)
(0.029 0.007 0.001)
(0.03 0.007 0.001)
(0.031 0.007 0.001)
(0.032 0.007 0.001)
(0.033 0.007 0.001)
(0.034 0.007 0.001)
(0.035 0.007 0.001)
(0.036 0.007 0.001)
(0.037 0.007 0.001)
(0.038 0.007 0.001)
(0.039 0.007 0.001)
(0.04 0.007 0.001)
(0.041 0.007 0.001)
(0.042 0.007 0.001)
(0.043 0.007 0.001)
(0.044 0.007 0.001)
(0.045 0.007 0.001)
(0.046 0.007 0.001)
(0.047 0.007 0.001)
(0.048 0.007 0.001)
(0.049 0.007 0.001)
(0.05 0.007 0.001)
(0.051 0.007 0.001)
(0.052 0.007 0.001)
(0.053 0.007 0.001)
(0.054 0.007 0.001)
(0.055 0.007 0.001)
(0.056 0.007 0.001)
(0.057 0.007 0.001)
(0.058 0.007 0.001)
(0.059 0.007 0.001)
(0.06 0.007 0.001)
(0.061 0.007 0.001)
(0.062 0.007 0.001)
(0.063 0.007 0.001)
(0.064 0.007 0.001)
(0.065 0.007 0.001)
(0.066 0.007 0.001)
(0.067 0.007 0.001)
(0.068 0.007 0.001)
(0.069 0.007 0.001)
(0.07 0.007 0.001)
(0.071 0.007 0.001)
(0.072 0.007 0.001)
(0.073 0.007 0.001)
(0.074 0.007 0.001)
(0.075 0.007 0.001)
(0.076 0.007 0.001)
(0.077 0.007 0.001)
(0.078 0.007 0.001)
(0.079 0.007 0.001)
(0.08 0.007 0.001)
(0.081 0.007 0.001)
(0.082 0.007 0.001)
(0.083 0.007 0.001)
(0.084 0.007 0.001)
(0.085 0.007 0.001)
(0.086 0.007 0.001)
(0.087 0.007 0.001)
(0.088 0.007 0.001)
(0.089 0.007 0.001)
(0.09 0.007 0.001)
(0.091 0.007 0.001)
(0.092 0.007 0.001)
(0.093 0.007 0.001)
(0.094 0.007 0.001)
(0.095 0.007 0.001)
(0.096 0.007 0.001)
(0.097 0.007 0.001)
(0.098 0.007 0.001)
(0.099 0.007 0.001)
(0.1 0.007 0.001)
(0 0.008 0.001)
(0.001 0.008 0.001)
(0.002 0.008 0.001)
(0.003 0.008 0.001)
(0.004 0.008 0.001)
(0.005 0.008 0.001)
(0.006 0.008 0.001)
(0.007 0.008 0.001)
(0.008 0.008 0.001)
(0.009 0.008 0.001)
(0.01 0.008 0.001)
(0.011 0.008 0.001)
(0.012 0.008 0.001)
(0.013 0.008 0.001)
(0.014 0.008 0.001)
(0.015 0.008 0.001)
(0.016 0.008 0.001)
(0.017 0.008 0.001)
(0.018 0.008 0.001)
(0.019 0.008 0.001)
(0.02 0.008 0.001)
(0.021 0.008 0.001)
(0.022 0.008 0.001)
(0.023 0.008 0.001)
(0.024 0.008 0.001)
(0.025 0.008 0.001)
(0.026 0.008 0.001)
(0.027 0.008 0.001)
(0.028 0.008 0.001)
(0.029 0.008 0.001)
(0.03 0.008 0.001)
(0.031 0.008 0.001)
(0.032 0.008 0.001)
(0.033 0.008 0.001)
(0.034 0.008 0.001)
(0.035 0.008 0.001)
(0.036 0.008 0.001)
(0.037 0.008 0.001)
(0.038 0.008 0.001)
(0.039 0.008 0.001)
(0.04 0.008 0.001)
(0.041 0.008 0.001)
(0.042 0.008 0.001)
(0.043 0.008 0.001)
(0.044 0.008 0.001)
(0.045 0.008 0.001)
(0.046 0.008 0.001)
(0.047 0.008 0.001)
(0.048 0.008 0.001)
(0.049 0.008 0.001)
(0.05 0.008 0.001)
(0.051 0.008 0.001)
(0.052 0.008 0.001)
(0.053 0.008 0.001)
(0.054 0.008 0.001)
(0.055 0.008 0.001)
(0.056 0.008 0.001)
(0.057 0.008 0.001)
(0.058 0.008 0.001)
(0.059 0.008 0.001)
(0.06 0.008 0.001)
(0.061 0.008 0.001)
(0.062 0.008 0.001)
(0.063 0.008 0.001)
(0.064 0.008 0.001)
(0.065 0.008 0.001)
(0.066 0.008 0.001)
(0.067 0.008 0.001)
(0.068 0.008 0.001)
(0.069 0.008 0.001)
(0.07 0.008 0.001)
(0.071 0.008 0.001)
(0.072 0.008 0.001)
(0.073 0.008 0.001)
(0.074 0.008 0.001)
(0.075 0.008 0.001)
(0.076 0.008 0.001)
(0.077 0.008 0.001)
(0.078 0.008 0.001)
(0.079 0.008 0.001)
(0.08 0.008 0.001)
(0.081 0.008 0.001)
(0.082 0.008 0.001)
(0.083 0.008 0.001)
(0.084 0.008 0.001)
(0.085 0.008 0.001)
(0.086 0.008 0.001)
(0.087 0.008 0.001)
(0.088 0.008 0.001)
(0.089 0.008 0.001)
(0.09 0.008 0.001)
(0.091 0.008 0.001)
(0.092 0.008 0.001)
(0.093 0.008 0.001)
(0.094 0.008 0.001)
(0.095 0.008 0.001)
(0.096 0.008 0.001)
(0.097 0.008 0.001)
(0.098 0.008 0.001)
(0.099 0.008 0.001)
(0.1 0.008 0.001)
(0 0.009 0.001)
(0.001 0.009 0.001)
(0.002 0.009 0.001)
(0.003 0.009 0.001)
(0.004 0.009 0.001)
(0.005 0.009 0.001)
(0.006 0.009 0.001)
(0.007 0.009 0.001)
(0.008 0.009 0.001)
(0.009 0.009 0.001)
(0.01 0.009 0.001)
(0.011 0.009 0.001)
(0.012 0.009 0.001)
(0.013 0.009 0.001)
(0.014 0.009 0.001)
(0.015 0.009 0.001)
(0.016 0.009 0.001)
(0.017 0.009 0.001)
(0.018 0.009 0.001)
(0.019 0.009 0.001)
(0.02 0.009 0.001)
(0.021 0.009 0.001)
(0.022 0.009 0.001)
(0.023 0.009 0.001)
(0.024 0.009 0.001)
(0.025 0.009 0.001)
(0.026 0.009 0.001)
(0.027 0.009 0.001)
(0.028 0.009 0.001)
(0.029 0.009 0.001)
(0.03 0.009 0.001)
(0.031 0.009 0.001)
(0.032 0.009 0.001)
(0.033 0.009 0.001)
(0.034 0.009 0.001)
(0.035 0.009 0.001)
(0.036 0.009 0.001)
(0.037 0.009 0.001)
(0.038 0.009 0.001)
(0.039 0.009 0.001)
(0.04 0.009 0.001)
(0.041 0.009 0.001)
(0.042 0.009 0.001)
(0.043 0.009 0.001)
(0.044 0.009 0.001)
(0.045 0.009 0.001)
(0.046 0.009 0.001)
(0.047 0.009 0.001)
(0.048 0.009 0.001)
(0.049 0.009 0.001)
(0.05 0.009 0.001)
(0.051 0.009 0.001)
(0.052 0.009 0.001)
(0.053 0.009 0.001)
(0.054 0.009 0.001)
(0.055 0.009 0.001)
(0.056 0.009 0.001)
(0.057 0.009 0.001)
(0.058 0.009 0.001)
(0.059 0.009 0.001)
(0.06 0.009 0.001)
(0.061 0.009 0.001)
(0.062 0.009 0.001)
(0.063 0.009 0.001)
(0.064 0.009 0.001)
(0.065 0.009 0.001)
(0.066 0.009 0.001)
(0.067 0.009 0.001)
(0.068 0.009 0.001)
(0.069 0.009 0.001)
(0.07 0.009 0.001)
(0.071 0.009 0.001)
(0.072 0.009 0.001)
(0.073 0.009 0.001)
(0.074 0.009 0.001)
(0.075 0.009 0.001)
(0.076 0.009 0.001)
(0.077 0.009 0.001)
(0.078 0.009 0.001)
(0.079 0.009 0.001)
(0.08 0.009 0.001)
(0.081 0.009 0.001)
(0.082 0.009 0.001)
(0.083 0.009 0.001)
(0.084 0.009 0.001)
(0.085 0.009 0.001)
(0.086 0.009 0.001)
(0.087 0.009 0.001)
(0.088 0.009 0.001)
(0.089 0.009 0.001)
(0.09 0.009 0.001)
(0.091 0.009 0.001)
(0.092 0.009 0.001)
(0.093 0.009 0.001)
(0.094 0.009 0.001)
(0.095 0.009 0.001)
(0.096 0.009 0.001)
(0.097 0.009 0.001)
(0.098 0.009 0.001)
(0.099 0.009 0.001)
(0.1 0.009 0.001)
(0 0.01 0.001)
(0.001 0.01 0.001)
(0.002 0.01 0.001)
(0.003 0.01 0.001)
(0.004 0.01 0.001)
(0.005 0.01 0.001)
(0.006 0.01 0.001)
(0.007 0.01 0.001)
(0.008 0.01 0.001)
(0.009 0.01 0.001)
(0.01 0.01 0.001)
(0.011 0.01 0.001)
(0.012 0.01 0.001)
(0.013 0.01 0.001)
(0.014 0.01 0.001)
(0.015 0.01 0.001)
(0.016 0.01 0.001)
(0.017 0.01 0.001)
(0.018 0.01 0.001)
(0.019 0.01 0.001)
(0.02 0.01 0.001)
(0.021 0.01 0.001)
(0.022 0.01 0.001)
(0.023 0.01 0.001)
(0.024 0.01 0.001)
(0.025 0.01 0.001)
(0.026 0.01 0.001)
(0.027 0.01 0.001)
(0.028 0.01 0.001)
(0.029 0.01 0.001)
(0.03 0.01 0.001)
(0.031 0.01 0.001)
(0.032 0.01 0.001)
(0.033 0.01 0.001)
(0.034 0.01 0.001)
(0.035 0.01 0.001)
(0.036 0.01 0.001)
(0.037 0.01 0.001)
(0.038 0.01 0.001)
(0.039 0.01 0.001)
(0.04 0.01 0.001)
(0.041 0.01 0.001)
(0.042 0.01 0.001)
(0.043 0.01 0.001)
(0.044 0.01 0.001)
(0.045 0.01 0.001)
(0.046 0.01 0.001)
(0.047 0.01 0.001)
(0.048 0.01 0.001)
(0.049 0.01 0.001)
(0.05 0.01 0.001)
(0.051 0.01 0.001)
(0.052 0.01 0.001)
(0.053 0.01 0.001)
(0.054 0.01 0.001)
(0.055 0.01 0.001)
(0.056 0.01 0.001)
(0.057 0.01 0.001)
(0.058 0.01 0.001)
(0.059 0.01 0.001)
(0.06 0.01 0.001)
(0.061 0.01 0.001)
(0.062 0.01 0.001)
(0.063 0.01 0.001)
(0.064 0.01 0.001)
(0.065 0.01 0.001)
(0.066 0.01 0.001)
(0.067 0.01 0.001)
(0.068 0.01 0.001)
(0.069 0.01 0.001)
(0.07 0.01 0.001)
(0.071 0.01 0.001)
(0.072 0.01 0.001)
(0.073 0.01 0.001)
(0.074 0.01 0.001)
(0.075 0.01 0.001)
(0.076 0.01 0.001)
(0.077 0.01 0.001)
(0.078 0.01 0.001)
(0.079 0.01 0.001)
(0.08 0.01 0.001)
(0.081 0.01 0.001)
(0.082 0.01 0.001)
(0.083 0.01 0.001)
(0.084 0.01 0.001)
(0.085 0.01 0.001)
(0.086 0.01 0.001)
(0.087 0.01 0.001)
(0.088 0.01 0.001)
(0.089 0.01 0.001)
(0.09 0.01 0.001)
(0.091 0.01 0.001)
(0.092 0.01 0.001)
(0.093 0.01 0.001)
(0.094 0.01 0.001)
(0.095 0.01 0.001)
(0.096 0.01 0.001)
(0.097 0.01 0.001)
(0.098 0.01 0.001)
(0.099 0.01 0.001)
(0.1 0.01 0.001)
(0 0.011 0.001)
(0.001 0.011 0.001)
(0.002 0.011 0.001)
(0.003 0.011 0.001)
(0.004 0.011 0.001)
(0.005 0.011 0.001)
(0.006 0.011 0.001)
(0.007 0.011 0.001)
(0.008 0.011 0.001)
(0.009 0.011 0.001)
(0.01 0.011 0.001)
(0.011 0.011 0.001)
(0.012 0.011 0.001)
(0.013 0.011 0.001)
(0.014 0.011 0.001)
(0.015 0.011 0.001)
(0.016 0.011 0.001)
(0.017 0.011 0.001)
(0.018 0.011 0.001)
(0.019 0.011 0.001)
(0.02 0.011 0.001)
(0.021 0.011 0.001)
(0.022 0.011 0.001)
(0.023 0.011 0.001)
(0.024 0.011 0.001)
(0.025 0.011 0.001)
(0.026 0.011 0.001)
(0.027 0.011 0.001)
(0.028 0.011 0.001)
(0.029 0.011 0.001)
(0.03 0.011 0.001)
(0.031 0.011 0.001)
(0.032 0.011 0.001)
(0.033 0.011 0.001)
(0.034 0.011 0.001)
(0.035 0.011 0.001)
(0.036 0.011 0.001)
(0.037 0.011 0.001)
(0.038 0.011 0.001)
(0.039 0.011 0.001)
(0.04 0.011 0.001)
(0.041 0.011 0.001)
(0.042 0.011 0.001)
(0.043 0.011 0.001)
(0.044 0.011 0.001)
(0.045 0.011 0.001)
(0.046 0.011 0.001)
(0.047 0.011 0.001)
(0.048 0.011 0.001)
(0.049 0.011 0.001)
(0.05 0.011 0.001)
(0.051 0.011 0.001)
(0.052 0.011 0.001)
(0.053 0.011 0.001)
(0.054 0.011 0.001)
(0.055 0.011 0.001)
(0.056 0.011 0.001)
(0.057 0.011 0.001)
(0.058 0.011 0.001)
(0.059 0.011 0.001)
(0.06 0.011 0.001)
(0.061 0.011 0.001)
(0.062 0.011 0.001)
(0.063 0.011 0.001)
(0.064 0.011 0.001)
(0.065 0.011 0.001)
(0.066 0.011 0.001)
(0.067 0.011 0.001)
(0.068 0.011 0.001)
(0.069 0.011 0.001)
(0.07 0.011 0.001)
(0.071 0.011 0.001)
(0.072 0.011 0.001)
(0.073 0.011 0.001)
(0.074 0.011 0.001)
(0.075 0.011 0.001)
(0.076 0.011 0.001)
(0.077 0.011 0.001)
(0.078 0.011 0.001)
(0.079 0.011 0.001)
(0.08 0.011 0.001)
(0.081 0.011 0.001)
(0.082 0.011 0.001)
(0.083 0.011 0.001)
(0.084 0.011 0.001)
(0.085 0.011 0.001)
(0.086 0.011 0.001)
(0.087 0.011 0.001)
(0.088 0.011 0.001)
(0.089 0.011 0.001)
(0.09 0.011 0.001)
(0.091 0.011 0.001)
(0.092 0.011 0.001)
(0.093 0.011 0.001)
(0.094 0.011 0.001)
(0.095 0.011 0.001)
(0.096 0.011 0.001)
(0.097 0.011 0.001)
(0.098 0.011 0.001)
(0.099 0.011 0.001)
(0.1 0.011 0.001)
(0 0.012 0.001)
(0.001 0.012 0.001)
(0.002 0.012 0.001)
(0.003 0.012 0.001)
(0.004 0.012 0.001)
(0.005 0.012 0.001)
(0.006 0.012 0.001)
(0.007 0.012 0.001)
(0.008 0.012 0.001)
(0.009 0.012 0.001)
(0.01 0.012 0.001)
(0.011 0.012 0.001)
(0.012 0.012 0.001)
(0.013 0.012 0.001)
(0.014 0.012 0.001)
(0.015 0.012 0.001)
(0.016 0.012 0.001)
(0.017 0.012 0.001)
(0.018 0.012 0.001)
(0.019 0.012 0.001)
(0.02 0.012 0.001)
(0.021 0.012 0.001)
(0.022 0.012 0.001)
(0.023 0.012 0.001)
(0.024 0.012 0.001)
(0.025 0.012 0.001)
(0.026 0.012 0.001)
(0.027 0.012 0.001)
(0.028 0.012 0.001)
(0.029 0.012 0.001)
(0.03 0.012 0.001)
(0.031 0.012 0.001)
(0.032 0.012 0.001)
(0.033 0.012 0.001)
(0.034 0.012 0.001)
(0.035 0.012 0.001)
(0.036 0.012 0.001)
(0.037 0.012 0.001)
(0.038 0.012 0.001)
(0.039 0.012 0.001)
(0.04 0.012 0.001)
(0.041 0.012 0.001)
(0.042 0.012 0.001)
(0.043 0.012 0.001)
(0.044 0.012 0.001)
(0.045 0.012 0.001)
(0.046 0.012 0.001)
(0.047 0.012 0.001)
(0.048 0.012 0.001)
(0.049 0.012 0.001)
(0.05 0.012 0.001)
(0.051 0.012 0.001)
(0.052 0.012 0.001)
(0.053 0.012 0.001)
(0.054 0.012 0.001)
(0.055 0.012 0.001)
(0.056 0.012 0.001)
(0.057 0.012 0.001)
(0.058 0.012 0.001)
(0.059 0.012 0.001)
(0.06 0.012 0.001)
(0.061 0.012 0.001)
(0.062 0.012 0.001)
(0.063 0.012 0.001)
(0.064 0.012 0.001)
(0.065 0.012 0.001)
(0.066 0.012 0.001)
(0.067 0.012 0.001)
(0.068 0.012 0.001)
(0.069 0.012 0.001)
(0.07 0.012 0.001)
(0.071 0.012 0.001)
(0.072 0.012 0.001)
(0.073 0.012 0.001)
(0.074 0.012 0.001)
(0.075 0.012 0.001)
(0.076 0.012 0.001)
(0.077 0.012 0.001)
(0.078 0.012 0.001)
(0.079 0.012 0.001)
(0.08 0.012 0.001)
(0.081 0.012 0.001)
(0.082 0.012 0.001)
(0.083 0.012 0.001)
(0.084 0.012 0.001)
(0.085 0.012 0.001)
(0.086 0.012 0.001)
(0.087 0.012 0.001)
(0.088 0.012 0.001)
(0.089 0.012 0.001)
(0.09 0.012 0.001)
(0.091 0.012 0.001)
(0.092 0.012 0.001)
(0.093 0.012 0.001)
(0.094 0.012 0.001)
(0.095 0.012 0.001)
(0.096 0.012 0.001)
(0.097 0.012 0.001)
(0.098 0.012 0.001)
(0.099 0.012 0.001)
(0.1 0.012 0.001)
(0 0.013 0.001)
(0.001 0.013 0.001)
(0.002 0.013 0.001)
(0.003 0.013 0.001)
(0.004 0.013 0.001)
(0.005 0.013 0.001)
(0.006 0.013 0.001)
(0.007 0.013 0.001)
(0.008 0.013 0.001)
(0.009 0.013 0.001)
(0.01 0.013 0.001)
(0.011 0.013 0.001)
(0.012 0.013 0.001)
(0.013 0.013 0.001)
(0.014 0.013 0.001)
(0.015 0.013 0.001)
(0.016 0.013 0.001)
(0.017 0.013 0.001)
(0.018 0.013 0.001)
(0.019 0.013 0.001)
(0.02 0.013 0.001)
(0.021 0.013 0.001)
(0.022 0.013 0.001)
(0.023 0.013 0.001)
(0.024 0.013 0.001)
(0.025 0.013 0.001)
(0.026 0.013 0.001)
(0.027 0.013 0.001)
(0.028 0.013 0.001)
(0.029 0.013 0.001)
(0.03 0.013 0.001)
(0.031 0.013 0.001)
(0.032 0.013 0.001)
(0.033 0.013 0.001)
(0.034 0.013 0.001)
(0.035 0.013 0.001)
(0.036 0.013 0.001)
(0.037 0.013 0.001)
(0.038 0.013 0.001)
(0.039 0.013 0.001)
(0.04 0.013 0.001)
(0.041 0.013 0.001)
(0.042 0.013 0.001)
(0.043 0.013 0.001)
(0.044 0.013 0.001)
(0.045 0.013 0.001)
(0.046 0.013 0.001)
(0.047 0.013 0.001)
(0.048 0.013 0.001)
(0.049 0.013 0.001)
(0.05 0.013 0.001)
(0.051 0.013 0.001)
(0.052 0.013 0.001)
(0.053 0.013 0.001)
(0.054 0.013 0.001)
(0.055 0.013 0.001)
(0.056 0.013 0.001)
(0.057 0.013 0.001)
(0.058 0.013 0.001)
(0.059 0.013 0.001)
(0.06 0.013 0.001)
(0.061 0.013 0.001)
(0.062 0.013 0.001)
(0.063 0.013 0.001)
(0.064 0.013 0.001)
(0.065 0.013 0.001)
(0.066 0.013 0.001)
(0.067 0.013 0.001)
(0.068 0.013 0.001)
(0.069 0.013 0.001)
(0.07 0.013 0.001)
(0.071 0.013 0.001)
(0.072 0.013 0.001)
(0.073 0.013 0.001)
(0.074 0.013 0.001)
(0.075 0.013 0.001)
(0.076 0.013 0.001)
(0.077 0.013 0.001)
(0.078 0.013 0.001)
(0.079 0.013 0.001)
(0.08 0.013 0.001)
(0.081 0.013 0.001)
(0.082 0.013 0.001)
(0.083 0.013 0.001)
(0.084 0.013 0.001)
(0.085 0.013 0.001)
(0.086 0.013 0.001)
(0.087 0.013 0.001)
(0.088 0.013 0.001)
(0.089 0.013 0.001)
(0.09 0.013 0.001)
(0.091 0.013 0.001)
(0.092 0.013 0.001)
(0.093 0.013 0.001)
(0.094 0.013 0.001)
(0.095 0.013 0.001)
(0.096 0.013 0.001)
(0.097 0.013 0.001)
(0.098 0.013 0.001)
(0.099 0.013 0.001)
(0.1 0.013 0.001)
(0 0.014 0.001)
(0.001 0.014 0.001)
(0.002 0.014 0.001)
(0.003 0.014 0.001)
(0.004 0.014 0.001)
(0.005 0.014 0.001)
(0.006 0.014 0.001)
(0.007 0.014 0.001)
(0.008 0.014 0.001)
(0.009 0.014 0.001)
(0.01 0.014 0.001)
(0.011 0.014 0.001)
(0.012 0.014 0.001)
(0.013 0.014 0.001)
(0.014 0.014 0.001)
(0.015 0.014 0.001)
(0.016 0.014 0.001)
(0.017 0.014 0.001)
(0.018 0.014 0.001)
(0.019 0.014 0.001)
(0.02 0.014 0.001)
(0.021 0.014 0.001)
(0.022 0.014 0.001)
(0.023 0.014 0.001)
(0.024 0.014 0.001)
(0.025 0.014 0.001)
(0.026 0.014 0.001)
(0.027 0.014 0.001)
(0.028 0.014 0.001)
(0.029 0.014 0.001)
(0.03 0.014 0.001)
(0.031 0.014 0.001)
(0.032 0.014 0.001)
(0.033 0.014 0.001)
(0.034 0.014 0.001)
(0.035 0.014 0.001)
(0.036 0.014 0.001)
(0.037 0.014 0.001)
(0.038 0.014 0.001)
(0.039 0.014 0.001)
(0.04 0.014 0.001)
(0.041 0.014 0.001)
(0.042 0.014 0.001)
(0.043 0.014 0.001)
(0.044 0.014 0.001)
(0.045 0.014 0.001)
(0.046 0.014 0.001)
(0.047 0.014 0.001)
(0.048 0.014 0.001)
(0.049 0.014 0.001)
(0.05 0.014 0.001)
(0.051 0.014 0.001)
(0.052 0.014 0.001)
(0.053 0.014 0.001)
(0.054 0.014 0.001)
(0.055 0.014 0.001)
(0.056 0.014 0.001)
(0.057 0.014 0.001)
(0.058 0.014 0.001)
(0.059 0.014 0.001)
(0.06 0.014 0.001)
(0.061 0.014 0.001)
(0.062 0.014 0.001)
(0.063 0.014 0.001)
(0.064 0.014 0.001)
(0.065 0.014 0.001)
(0.066 0.014 0.001)
(0.067 0.014 0.001)
(0.068 0.014 0.001)
(0.069 0.014 0.001)
(0.07 0.014 0.001)
(0.071 0.014 0.001)
(0.072 0.014 0.001)
(0.073 0.014 0.001)
(0.074 0.014 0.001)
(0.075 0.014 0.001)
(0.076 0.014 0.001)
(0.077 0.014 0.001)
(0.078 0.014 0.001)
(0.079 0.014 0.001)
(0.08 0.014 0.001)
(0.081 0.014 0.001)
(0.082 0.014 0.001)
(0.083 0.014 0.001)
(0.084 0.014 0.001)
(0.085 0.014 0.001)
(0.086 0.014 0.001)
(0.087 0.014 0.001)
(0.088 0.014 0.001)
(0.089 0.014 0.001)
(0.09 0.014 0.001)
(0.091 0.014 0.001)
(0.092 0.014 0.001)
(0.093 0.014 0.001)
(0.094 0.014 0.001)
(0.095 0.014 0.001)
(0.096 0.014 0.001)
(0.097 0.014 0.001)
(0.098 0.014 0.001)
(0.099 0.014 0.001)
(0.1 0.014 0.001)
(0 0.015 0.001)
(0.001 0.015 0.001)
(0.002 0.015 0.001)
(0.003 0.015 0.001)
(0.004 0.015 0.001)
(0.005 0.015 0.001)
(0.006 0.015 0.001)
(0.007 0.015 0.001)
(0.008 0.015 0.001)
(0.009 0.015 0.001)
(0.01 0.015 0.001)
(0.011 0.015 0.001)
(0.012 0.015 0.001)
(0.013 0.015 0.001)
(0.014 0.015 0.001)
(0.015 0.015 0.001)
(0.016 0.015 0.001)
(0.017 0.015 0.001)
(0.018 0.015 0.001)
(0.019 0.015 0.001)
(0.02 0.015 0.001)
(0.021 0.015 0.001)
(0.022 0.015 0.001)
(0.023 0.015 0.001)
(0.024 0.015 0.001)
(0.025 0.015 0.001)
(0.026 0.015 0.001)
(0.027 0.015 0.001)
(0.028 0.015 0.001)
(0.029 0.015 0.001)
(0.03 0.015 0.001)
(0.031 0.015 0.001)
(0.032 0.015 0.001)
(0.033 0.015 0.001)
(0.034 0.015 0.001)
(0.035 0.015 0.001)
(0.036 0.015 0.001)
(0.037 0.015 0.001)
(0.038 0.015 0.001)
(0.039 0.015 0.001)
(0.04 0.015 0.001)
(0.041 0.015 0.001)
(0.042 0.015 0.001)
(0.043 0.015 0.001)
(0.044 0.015 0.001)
(0.045 0.015 0.001)
(0.046 0.015 0.001)
(0.047 0.015 0.001)
(0.048 0.015 0.001)
(0.049 0.015 0.001)
(0.05 0.015 0.001)
(0.051 0.015 0.001)
(0.052 0.015 0.001)
(0.053 0.015 0.001)
(0.054 0.015 0.001)
(0.055 0.015 0.001)
(0.056 0.015 0.001)
(0.057 0.015 0.001)
(0.058 0.015 0.001)
(0.059 0.015 0.001)
(0.06 0.015 0.001)
(0.061 0.015 0.001)
(0.062 0.015 0.001)
(0.063 0.015 0.001)
(0.064 0.015 0.001)
(0.065 0.015 0.001)
(0.066 0.015 0.001)
(0.067 0.015 0.001)
(0.068 0.015 0.001)
(0.069 0.015 0.001)
(0.07 0.015 0.001)
(0.071 0.015 0.001)
(0.072 0.015 0.001)
(0.073 0.015 0.001)
(0.074 0.015 0.001)
(0.075 0.015 0.001)
(0.076 0.015 0.001)
(0.077 0.015 0.001)
(0.078 0.015 0.001)
(0.079 0.015 0.001)
(0.08 0.015 0.001)
(0.081 0.015 0.001)
(0.082 0.015 0.001)
(0.083 0.015 0.001)
(0.084 0.015 0.001)
(0.085 0.015 0.001)
(0.086 0.015 0.001)
(0.087 0.015 0.001)
(0.088 0.015 0.001)
(0.089 0.015 0.001)
(0.09 0.015 0.001)
(0.091 0.015 0.001)
(0.092 0.015 0.001)
(0.093 0.015 0.001)
(0.094 0.015 0.001)
(0.095 0.015 0.001)
(0.096 0.015 0.001)
(0.097 0.015 0.001)
(0.098 0.015 0.001)
(0.099 0.015 0.001)
(0.1 0.015 0.001)
(0 0.016 0.001)
(0.001 0.016 0.001)
(0.002 0.016 0.001)
(0.003 0.016 0.001)
(0.004 0.016 0.001)
(0.005 0.016 0.001)
(0.006 0.016 0.001)
(0.007 0.016 0.001)
(0.008 0.016 0.001)
(0.009 0.016 0.001)
(0.01 0.016 0.001)
(0.011 0.016 0.001)
(0.012 0.016 0.001)
(0.013 0.016 0.001)
(0.014 0.016 0.001)
(0.015 0.016 0.001)
(0.016 0.016 0.001)
(0.017 0.016 0.001)
(0.018 0.016 0.001)
(0.019 0.016 0.001)
(0.02 0.016 0.001)
(0.021 0.016 0.001)
(0.022 0.016 0.001)
(0.023 0.016 0.001)
(0.024 0.016 0.001)
(0.025 0.016 0.001)
(0.026 0.016 0.001)
(0.027 0.016 0.001)
(0.028 0.016 0.001)
(0.029 0.016 0.001)
(0.03 0.016 0.001)
(0.031 0.016 0.001)
(0.032 0.016 0.001)
(0.033 0.016 0.001)
(0.034 0.016 0.001)
(0.035 0.016 0.001)
(0.036 0.016 0.001)
(0.037 0.016 0.001)
(0.038 0.016 0.001)
(0.039 0.016 0.001)
(0.04 0.016 0.001)
(0.041 0.016 0.001)
(0.042 0.016 0.001)
(0.043 0.016 0.001)
(0.044 0.016 0.001)
(0.045 0.016 0.001)
(0.046 0.016 0.001)
(0.047 0.016 0.001)
(0.048 0.016 0.001)
(0.049 0.016 0.001)
(0.05 0.016 0.001)
(0.051 0.016 0.001)
(0.052 0.016 0.001)
(0.053 0.016 0.001)
(0.054 0.016 0.001)
(0.055 0.016 0.001)
(0.056 0.016 0.001)
(0.057 0.016 0.001)
(0.058 0.016 0.001)
(0.059 0.016 0.001)
(0.06 0.016 0.001)
(0.061 0.016 0.001)
(0.062 0.016 0.001)
(0.063 0.016 0.001)
(0.064 0.016 0.001)
(0.065 0.016 0.001)
(0.066 0.016 0.001)
(0.067 0.016 0.001)
(0.068 0.016 0.001)
(0.069 0.016 0.001)
(0.07 0.016 0.001)
(0.071 0.016 0.001)
(0.072 0.016 0.001)
(0.073 0.016 0.001)
(0.074 0.016 0.001)
(0.075 0.016 0.001)
(0.076 0.016 0.001)
(0.077 0.016 0.001)
(0.078 0.016 0.001)
(0.079 0.016 0.001)
(0.08 0.016 0.001)
(0.081 0.016 0.001)
(0.082 0.016 0.001)
(0.083 0.016 0.001)
(0.084 0.016 0.001)
(0.085 0.016 0.001)
(0.086 0.016 0.001)
(0.087 0.016 0.001)
(0.088 0.016 0.001)
(0.089 0.016 0.001)
(0.09 0.016 0.001)
(0.091 0.016 0.001)
(0.092 0.016 0.001)
(0.093 0.016 0.001)
(0.094 0.016 0.001)
(0.095 0.016 0.001)
(0.096 0.016 0.001)
(0.097 0.016 0.001)
(0.098 0.016 0.001)
(0.099 0.016 0.001)
(0.1 0.016 0.001)
(0 0.017 0.001)
(0.001 0.017 0.001)
(0.002 0.017 0.001)
(0.003 0.017 0.001)
(0.004 0.017 0.001)
(0.005 0.017 0.001)
(0.006 0.017 0.001)
(0.007 0.017 0.001)
(0.008 0.017 0.001)
(0.009 0.017 0.001)
(0.01 0.017 0.001)
(0.011 0.017 0.001)
(0.012 0.017 0.001)
(0.013 0.017 0.001)
(0.014 0.017 0.001)
(0.015 0.017 0.001)
(0.016 0.017 0.001)
(0.017 0.017 0.001)
(0.018 0.017 0.001)
(0.019 0.017 0.001)
(0.02 0.017 0.001)
(0.021 0.017 0.001)
(0.022 0.017 0.001)
(0.023 0.017 0.001)
(0.024 0.017 0.001)
(0.025 0.017 0.001)
(0.026 0.017 0.001)
(0.027 0.017 0.001)
(0.028 0.017 0.001)
(0.029 0.017 0.001)
(0.03 0.017 0.001)
(0.031 0.017 0.001)
(0.032 0.017 0.001)
(0.033 0.017 0.001)
(0.034 0.017 0.001)
(0.035 0.017 0.001)
(0.036 0.017 0.001)
(0.037 0.017 0.001)
(0.038 0.017 0.001)
(0.039 0.017 0.001)
(0.04 0.017 0.001)
(0.041 0.017 0.001)
(0.042 0.017 0.001)
(0.043 0.017 0.001)
(0.044 0.017 0.001)
(0.045 0.017 0.001)
(0.046 0.017 0.001)
(0.047 0.017 0.001)
(0.048 0.017 0.001)
(0.049 0.017 0.001)
(0.05 0.017 0.001)
(0.051 0.017 0.001)
(0.052 0.017 0.001)
(0.053 0.017 0.001)
(0.054 0.017 0.001)
(0.055 0.017 0.001)
(0.056 0.017 0.001)
(0.057 0.017 0.001)
(0.058 0.017 0.001)
(0.059 0.017 0.001)
(0.06 0.017 0.001)
(0.061 0.017 0.001)
(0.062 0.017 0.001)
(0.063 0.017 0.001)
(0.064 0.017 0.001)
(0.065 0.017 0.001)
(0.066 0.017 0.001)
(0.067 0.017 0.001)
(0.068 0.017 0.001)
(0.069 0.017 0.001)
(0.07 0.017 0.001)
(0.071 0.017 0.001)
(0.072 0.017 0.001)
(0.073 0.017 0.001)
(0.074 0.017 0.001)
(0.075 0.017 0.001)
(0.076 0.017 0.001)
(0.077 0.017 0.001)
(0.078 0.017 0.001)
(0.079 0.017 0.001)
(0.08 0.017 0.001)
(0.081 0.017 0.001)
(0.082 0.017 0.001)
(0.083 0.017 0.001)
(0.084 0.017 0.001)
(0.085 0.017 0.001)
(0.086 0.017 0.001)
(0.087 0.017 0.001)
(0.088 0.017 0.001)
(0.089 0.017 0.001)
(0.09 0.017 0.001)
(0.091 0.017 0.001)
(0.092 0.017 0.001)
(0.093 0.017 0.001)
(0.094 0.017 0.001)
(0.095 0.017 0.001)
(0.096 0.017 0.001)
(0.097 0.017 0.001)
(0.098 0.017 0.001)
(0.099 0.017 0.001)
(0.1 0.017 0.001)
(0 0.018 0.001)
(0.001 0.018 0.001)
(0.002 0.018 0.001)
(0.003 0.018 0.001)
(0.004 0.018 0.001)
(0.005 0.018 0.001)
(0.006 0.018 0.001)
(0.007 0.018 0.001)
(0.008 0.018 0.001)
(0.009 0.018 0.001)
(0.01 0.018 0.001)
(0.011 0.018 0.001)
(0.012 0.018 0.001)
(0.013 0.018 0.001)
(0.014 0.018 0.001)
(0.015 0.018 0.001)
(0.016 0.018 0.001)
(0.017 0.018 0.001)
(0.018 0.018 0.001)
(0.019 0.018 0.001)
(0.02 0.018 0.001)
(0.021 0.018 0.001)
(0.022 0.018 0.001)
(0.023 0.018 0.001)
(0.024 0.018 0.001)
(0.025 0.018 0.001)
(0.026 0.018 0.001)
(0.027 0.018 0.001)
(0.028 0.018 0.001)
(0.029 0.018 0.001)
(0.03 0.018 0.001)
(0.031 0.018 0.001)
(0.032 0.018 0.001)
(0.033 0.018 0.001)
(0.034 0.018 0.001)
(0.035 0.018 0.001)
(0.036 0.018 0.001)
(0.037 0.018 0.001)
(0.038 0.018 0.001)
(0.039 0.018 0.001)
(0.04 0.018 0.001)
(0.041 0.018 0.001)
(0.042 0.018 0.001)
(0.043 0.018 0.001)
(0.044 0.018 0.001)
(0.045 0.018 0.001)
(0.046 0.018 0.001)
(0.047 0.018 0.001)
(0.048 0.018 0.001)
(0.049 0.018 0.001)
(0.05 0.018 0.001)
(0.051 0.018 0.001)
(0.052 0.018 0.001)
(0.053 0.018 0.001)
(0.054 0.018 0.001)
(0.055 0.018 0.001)
(0.056 0.018 0.001)
(0.057 0.018 0.001)
(0.058 0.018 0.001)
(0.059 0.018 0.001)
(0.06 0.018 0.001)
(0.061 0.018 0.001)
(0.062 0.018 0.001)
(0.063 0.018 0.001)
(0.064 0.018 0.001)
(0.065 0.018 0.001)
(0.066 0.018 0.001)
(0.067 0.018 0.001)
(0.068 0.018 0.001)
(0.069 0.018 0.001)
(0.07 0.018 0.001)
(0.071 0.018 0.001)
(0.072 0.018 0.001)
(0.073 0.018 0.001)
(0.074 0.018 0.001)
(0.075 0.018 0.001)
(0.076 0.018 0.001)
(0.077 0.018 0.001)
(0.078 0.018 0.001)
(0.079 0.018 0.001)
(0.08 0.018 0.001)
(0.081 0.018 0.001)
(0.082 0.018 0.001)
(0.083 0.018 0.001)
(0.084 0.018 0.001)
(0.085 0.018 0.001)
(0.086 0.018 0.001)
(0.087 0.018 0.001)
(0.088 0.018 0.001)
(0.089 0.018 0.001)
(0.09 0.018 0.001)
(0.091 0.018 0.001)
(0.092 0.018 0.001)
(0.093 0.018 0.001)
(0.094 0.018 0.001)
(0.095 0.018 0.001)
(0.096 0.018 0.001)
(0.097 0.018 0.001)
(0.098 0.018 0.001)
(0.099 0.018 0.001)
(0.1 0.018 0.001)
(0 0.019 0.001)
(0.001 0.019 0.001)
(0.002 0.019 0.001)
(0.003 0.019 0.001)
(0.004 0.019 0.001)
(0.005 0.019 0.001)
(0.006 0.019 0.001)
(0.007 0.019 0.001)
(0.008 0.019 0.001)
(0.009 0.019 0.001)
(0.01 0.019 0.001)
(0.011 0.019 0.001)
(0.012 0.019 0.001)
(0.013 0.019 0.001)
(0.014 0.019 0.001)
(0.015 0.019 0.001)
(0.016 0.019 0.001)
(0.017 0.019 0.001)
(0.018 0.019 0.001)
(0.019 0.019 0.001)
(0.02 0.019 0.001)
(0.021 0.019 0.001)
(0.022 0.019 0.001)
(0.023 0.019 0.001)
(0.024 0.019 0.001)
(0.025 0.019 0.001)
(0.026 0.019 0.001)
(0.027 0.019 0.001)
(0.028 0.019 0.001)
(0.029 0.019 0.001)
(0.03 0.019 0.001)
(0.031 0.019 0.001)
(0.032 0.019 0.001)
(0.033 0.019 0.001)
(0.034 0.019 0.001)
(0.035 0.019 0.001)
(0.036 0.019 0.001)
(0.037 0.019 0.001)
(0.038 0.019 0.001)
(0.039 0.019 0.001)
(0.04 0.019 0.001)
(0.041 0.019 0.001)
(0.042 0.019 0.001)
(0.043 0.019 0.001)
(0.044 0.019 0.001)
(0.045 0.019 0.001)
(0.046 0.019 0.001)
(0.047 0.019 0.001)
(0.048 0.019 0.001)
(0.049 0.019 0.001)
(0.05 0.019 0.001)
(0.051 0.019 0.001)
(0.052 0.019 0.001)
(0.053 0.019 0.001)
(0.054 0.019 0.001)
(0.055 0.019 0.001)
(0.056 0.019 0.001)
(0.057 0.019 0.001)
(0.058 0.019 0.001)
(0.059 0.019 0.001)
(0.06 0.019 0.001)
(0.061 0.019 0.001)
(0.062 0.019 0.001)
(0.063 0.019 0.001)
(0.064 0.019 0.001)
(0.065 0.019 0.001)
(0.066 0.019 0.001)
(0.067 0.019 0.001)
(0.068 0.019 0.001)
(0.069 0.019 0.001)
(0.07 0.019 0.001)
(0.071 0.019 0.001)
(0.072 0.019 0.001)
(0.073 0.019 0.001)
(0.074 0.019 0.001)
(0.075 0.019 0.001)
(0.076 0.019 0.001)
(0.077 0.019 0.001)
(0.078 0.019 0.001)
(0.079 0.019 0.001)
(0.08 0.019 0.001)
(0.081 0.019 0.001)
(0.082 0.019 0.001)
(0.083 0.019 0.001)
(0.084 0.019 0.001)
(0.085 0.019 0.001)
(0.086 0.019 0.001)
(0.087 0.019 0.001)
(0.088 0.019 0.001)
(0.089 0.019 0.001)
(0.09 0.019 0.001)
(0.091 0.019 0.001)
(0.092 0.019 0.001)
(0.093 0.019 0.001)
(0.094 0.019 0.001)
(0.095 0.019 0.001)
(0.096 0.019 0.001)
(0.097 0.019 0.001)
(0.098 0.019 0.001)
(0.099 0.019 0.001)
(0.1 0.019 0.001)
(0 0.02 0.001)
(0.001 0.02 0.001)
(0.002 0.02 0.001)
(0.003 0.02 0.001)
(0.004 0.02 0.001)
(0.005 0.02 0.001)
(0.006 0.02 0.001)
(0.007 0.02 0.001)
(0.008 0.02 0.001)
(0.009 0.02 0.001)
(0.01 0.02 0.001)
(0.011 0.02 0.001)
(0.012 0.02 0.001)
(0.013 0.02 0.001)
(0.014 0.02 0.001)
(0.015 0.02 0.001)
(0.016 0.02 0.001)
(0.017 0.02 0.001)
(0.018 0.02 0.001)
(0.019 0.02 0.001)
(0.02 0.02 0.001)
(0.021 0.02 0.001)
(0.022 0.02 0.001)
(0.023 0.02 0.001)
(0.024 0.02 0.001)
(0.025 0.02 0.001)
(0.026 0.02 0.001)
(0.027 0.02 0.001)
(0.028 0.02 0.001)
(0.029 0.02 0.001)
(0.03 0.02 0.001)
(0.031 0.02 0.001)
(0.032 0.02 0.001)
(0.033 0.02 0.001)
(0.034 0.02 0.001)
(0.035 0.02 0.001)
(0.036 0.02 0.001)
(0.037 0.02 0.001)
(0.038 0.02 0.001)
(0.039 0.02 0.001)
(0.04 0.02 0.001)
(0.041 0.02 0.001)
(0.042 0.02 0.001)
(0.043 0.02 0.001)
(0.044 0.02 0.001)
(0.045 0.02 0.001)
(0.046 0.02 0.001)
(0.047 0.02 0.001)
(0.048 0.02 0.001)
(0.049 0.02 0.001)
(0.05 0.02 0.001)
(0.051 0.02 0.001)
(0.052 0.02 0.001)
(0.053 0.02 0.001)
(0.054 0.02 0.001)
(0.055 0.02 0.001)
(0.056 0.02 0.001)
(0.057 0.02 0.001)
(0.058 0.02 0.001)
(0.059 0.02 0.001)
(0.06 0.02 0.001)
(0.061 0.02 0.001)
(0.062 0.02 0.001)
(0.063 0.02 0.001)
(0.064 0.02 0.001)
(0.065 0.02 0.001)
(0.066 0.02 0.001)
(0.067 0.02 0.001)
(0.068 0.02 0.001)
(0.069 0.02 0.001)
(0.07 0.02 0.001)
(0.071 0.02 0.001)
(0.072 0.02 0.001)
(0.073 0.02 0.001)
(0.074 0.02 0.001)
(0.075 0.02 0.001)
(0.076 0.02 0.001)
(0.077 0.02 0.001)
(0.078 0.02 0.001)
(0.079 0.02 0.001)
(0.08 0.02 0.001)
(0.081 0.02 0.001)
(0.082 0.02 0.001)
(0.083 0.02 0.001)
(0.084 0.02 0.001)
(0.085 0.02 0.001)
(0.086 0.02 0.001)
(0.087 0.02 0.001)
(0.088 0.02 0.001)
(0.089 0.02 0.001)
(0.09 0.02 0.001)
(0.091 0.02 0.001)
(0.092 0.02 0.001)
(0.093 0.02 0.001)
(0.094 0.02 0.001)
(0.095 0.02 0.001)
(0.096 0.02 0.001)
(0.097 0.02 0.001)
(0.098 0.02 0.001)
(0.099 0.02 0.001)
(0.1 0.02 0.001)
(0 0.021 0.001)
(0.001 0.021 0.001)
(0.002 0.021 0.001)
(0.003 0.021 0.001)
(0.004 0.021 0.001)
(0.005 0.021 0.001)
(0.006 0.021 0.001)
(0.007 0.021 0.001)
(0.008 0.021 0.001)
(0.009 0.021 0.001)
(0.01 0.021 0.001)
(0.011 0.021 0.001)
(0.012 0.021 0.001)
(0.013 0.021 0.001)
(0.014 0.021 0.001)
(0.015 0.021 0.001)
(0.016 0.021 0.001)
(0.017 0.021 0.001)
(0.018 0.021 0.001)
(0.019 0.021 0.001)
(0.02 0.021 0.001)
(0.021 0.021 0.001)
(0.022 0.021 0.001)
(0.023 0.021 0.001)
(0.024 0.021 0.001)
(0.025 0.021 0.001)
(0.026 0.021 0.001)
(0.027 0.021 0.001)
(0.028 0.021 0.001)
(0.029 0.021 0.001)
(0.03 0.021 0.001)
(0.031 0.021 0.001)
(0.032 0.021 0.001)
(0.033 0.021 0.001)
(0.034 0.021 0.001)
(0.035 0.021 0.001)
(0.036 0.021 0.001)
(0.037 0.021 0.001)
(0.038 0.021 0.001)
(0.039 0.021 0.001)
(0.04 0.021 0.001)
(0.041 0.021 0.001)
(0.042 0.021 0.001)
(0.043 0.021 0.001)
(0.044 0.021 0.001)
(0.045 0.021 0.001)
(0.046 0.021 0.001)
(0.047 0.021 0.001)
(0.048 0.021 0.001)
(0.049 0.021 0.001)
(0.05 0.021 0.001)
(0.051 0.021 0.001)
(0.052 0.021 0.001)
(0.053 0.021 0.001)
(0.054 0.021 0.001)
(0.055 0.021 0.001)
(0.056 0.021 0.001)
(0.057 0.021 0.001)
(0.058 0.021 0.001)
(0.059 0.021 0.001)
(0.06 0.021 0.001)
(0.061 0.021 0.001)
(0.062 0.021 0.001)
(0.063 0.021 0.001)
(0.064 0.021 0.001)
(0.065 0.021 0.001)
(0.066 0.021 0.001)
(0.067 0.021 0.001)
(0.068 0.021 0.001)
(0.069 0.021 0.001)
(0.07 0.021 0.001)
(0.071 0.021 0.001)
(0.072 0.021 0.001)
(0.073 0.021 0.001)
(0.074 0.021 0.001)
(0.075 0.021 0.001)
(0.076 0.021 0.001)
(0.077 0.021 0.001)
(0.078 0.021 0.001)
(0.079 0.021 0.001)
(0.08 0.021 0.001)
(0.081 0.021 0.001)
(0.082 0.021 0.001)
(0.083 0.021 0.001)
(0.084 0.021 0.001)
(0.085 0.021 0.001)
(0.086 0.021 0.001)
(0.087 0.021 0.001)
(0.088 0.021 0.001)
(0.089 0.021 0.001)
(0.09 0.021 0.001)
(0.091 0.021 0.001)
(0.092 0.021 0.001)
(0.093 0.021 0.001)
(0.094 0.021 0.001)
(0.095 0.021 0.001)
(0.096 0.021 0.001)
(0.097 0.021 0.001)
(0.098 0.021 0.001)
(0.099 0.021 0.001)
(0.1 0.021 0.001)
(0 0.022 0.001)
(0.001 0.022 0.001)
(0.002 0.022 0.001)
(0.003 0.022 0.001)
(0.004 0.022 0.001)
(0.005 0.022 0.001)
(0.006 0.022 0.001)
(0.007 0.022 0.001)
(0.008 0.022 0.001)
(0.009 0.022 0.001)
(0.01 0.022 0.001)
(0.011 0.022 0.001)
(0.012 0.022 0.001)
(0.013 0.022 0.001)
(0.014 0.022 0.001)
(0.015 0.022 0.001)
(0.016 0.022 0.001)
(0.017 0.022 0.001)
(0.018 0.022 0.001)
(0.019 0.022 0.001)
(0.02 0.022 0.001)
(0.021 0.022 0.001)
(0.022 0.022 0.001)
(0.023 0.022 0.001)
(0.024 0.022 0.001)
(0.025 0.022 0.001)
(0.026 0.022 0.001)
(0.027 0.022 0.001)
(0.028 0.022 0.001)
(0.029 0.022 0.001)
(0.03 0.022 0.001)
(0.031 0.022 0.001)
(0.032 0.022 0.001)
(0.033 0.022 0.001)
(0.034 0.022 0.001)
(0.035 0.022 0.001)
(0.036 0.022 0.001)
(0.037 0.022 0.001)
(0.038 0.022 0.001)
(0.039 0.022 0.001)
(0.04 0.022 0.001)
(0.041 0.022 0.001)
(0.042 0.022 0.001)
(0.043 0.022 0.001)
(0.044 0.022 0.001)
(0.045 0.022 0.001)
(0.046 0.022 0.001)
(0.047 0.022 0.001)
(0.048 0.022 0.001)
(0.049 0.022 0.001)
(0.05 0.022 0.001)
(0.051 0.022 0.001)
(0.052 0.022 0.001)
(0.053 0.022 0.001)
(0.054 0.022 0.001)
(0.055 0.022 0.001)
(0.056 0.022 0.001)
(0.057 0.022 0.001)
(0.058 0.022 0.001)
(0.059 0.022 0.001)
(0.06 0.022 0.001)
(0.061 0.022 0.001)
(0.062 0.022 0.001)
(0.063 0.022 0.001)
(0.064 0.022 0.001)
(0.065 0.022 0.001)
(0.066 0.022 0.001)
(0.067 0.022 0.001)
(0.068 0.022 0.001)
(0.069 0.022 0.001)
(0.07 0.022 0.001)
(0.071 0.022 0.001)
(0.072 0.022 0.001)
(0.073 0.022 0.001)
(0.074 0.022 0.001)
(0.075 0.022 0.001)
(0.076 0.022 0.001)
(0.077 0.022 0.001)
(0.078 0.022 0.001)
(0.079 0.022 0.001)
(0.08 0.022 0.001)
(0.081 0.022 0.001)
(0.082 0.022 0.001)
(0.083 0.022 0.001)
(0.084 0.022 0.001)
(0.085 0.022 0.001)
(0.086 0.022 0.001)
(0.087 0.022 0.001)
(0.088 0.022 0.001)
(0.089 0.022 0.001)
(0.09 0.022 0.001)
(0.091 0.022 0.001)
(0.092 0.022 0.001)
(0.093 0.022 0.001)
(0.094 0.022 0.001)
(0.095 0.022 0.001)
(0.096 0.022 0.001)
(0.097 0.022 0.001)
(0.098 0.022 0.001)
(0.099 0.022 0.001)
(0.1 0.022 0.001)
(0 0.023 0.001)
(0.001 0.023 0.001)
(0.002 0.023 0.001)
(0.003 0.023 0.001)
(0.004 0.023 0.001)
(0.005 0.023 0.001)
(0.006 0.023 0.001)
(0.007 0.023 0.001)
(0.008 0.023 0.001)
(0.009 0.023 0.001)
(0.01 0.023 0.001)
(0.011 0.023 0.001)
(0.012 0.023 0.001)
(0.013 0.023 0.001)
(0.014 0.023 0.001)
(0.015 0.023 0.001)
(0.016 0.023 0.001)
(0.017 0.023 0.001)
(0.018 0.023 0.001)
(0.019 0.023 0.001)
(0.02 0.023 0.001)
(0.021 0.023 0.001)
(0.022 0.023 0.001)
(0.023 0.023 0.001)
(0.024 0.023 0.001)
(0.025 0.023 0.001)
(0.026 0.023 0.001)
(0.027 0.023 0.001)
(0.028 0.023 0.001)
(0.029 0.023 0.001)
(0.03 0.023 0.001)
(0.031 0.023 0.001)
(0.032 0.023 0.001)
(0.033 0.023 0.001)
(0.034 0.023 0.001)
(0.035 0.023 0.001)
(0.036 0.023 0.001)
(0.037 0.023 0.001)
(0.038 0.023 0.001)
(0.039 0.023 0.001)
(0.04 0.023 0.001)
(0.041 0.023 0.001)
(0.042 0.023 0.001)
(0.043 0.023 0.001)
(0.044 0.023 0.001)
(0.045 0.023 0.001)
(0.046 0.023 0.001)
(0.047 0.023 0.001)
(0.048 0.023 0.001)
(0.049 0.023 0.001)
(0.05 0.023 0.001)
(0.051 0.023 0.001)
(0.052 0.023 0.001)
(0.053 0.023 0.001)
(0.054 0.023 0.001)
(0.055 0.023 0.001)
(0.056 0.023 0.001)
(0.057 0.023 0.001)
(0.058 0.023 0.001)
(0.059 0.023 0.001)
(0.06 0.023 0.001)
(0.061 0.023 0.001)
(0.062 0.023 0.001)
(0.063 0.023 0.001)
(0.064 0.023 0.001)
(0.065 0.023 0.001)
(0.066 0.023 0.001)
(0.067 0.023 0.001)
(0.068 0.023 0.001)
(0.069 0.023 0.001)
(0.07 0.023 0.001)
(0.071 0.023 0.001)
(0.072 0.023 0.001)
(0.073 0.023 0.001)
(0.074 0.023 0.001)
(0.075 0.023 0.001)
(0.076 0.023 0.001)
(0.077 0.023 0.001)
(0.078 0.023 0.001)
(0.079 0.023 0.001)
(0.08 0.023 0.001)
(0.081 0.023 0.001)
(0.082 0.023 0.001)
(0.083 0.023 0.001)
(0.084 0.023 0.001)
(0.085 0.023 0.001)
(0.086 0.023 0.001)
(0.087 0.023 0.001)
(0.088 0.023 0.001)
(0.089 0.023 0.001)
(0.09 0.023 0.001)
(0.091 0.023 0.001)
(0.092 0.023 0.001)
(0.093 0.023 0.001)
(0.094 0.023 0.001)
(0.095 0.023 0.001)
(0.096 0.023 0.001)
(0.097 0.023 0.001)
(0.098 0.023 0.001)
(0.099 0.023 0.001)
(0.1 0.023 0.001)
(0 0.024 0.001)
(0.001 0.024 0.001)
(0.002 0.024 0.001)
(0.003 0.024 0.001)
(0.004 0.024 0.001)
(0.005 0.024 0.001)
(0.006 0.024 0.001)
(0.007 0.024 0.001)
(0.008 0.024 0.001)
(0.009 0.024 0.001)
(0.01 0.024 0.001)
(0.011 0.024 0.001)
(0.012 0.024 0.001)
(0.013 0.024 0.001)
(0.014 0.024 0.001)
(0.015 0.024 0.001)
(0.016 0.024 0.001)
(0.017 0.024 0.001)
(0.018 0.024 0.001)
(0.019 0.024 0.001)
(0.02 0.024 0.001)
(0.021 0.024 0.001)
(0.022 0.024 0.001)
(0.023 0.024 0.001)
(0.024 0.024 0.001)
(0.025 0.024 0.001)
(0.026 0.024 0.001)
(0.027 0.024 0.001)
(0.028 0.024 0.001)
(0.029 0.024 0.001)
(0.03 0.024 0.001)
(0.031 0.024 0.001)
(0.032 0.024 0.001)
(0.033 0.024 0.001)
(0.034 0.024 0.001)
(0.035 0.024 0.001)
(0.036 0.024 0.001)
(0.037 0.024 0.001)
(0.038 0.024 0.001)
(0.039 0.024 0.001)
(0.04 0.024 0.001)
(0.041 0.024 0.001)
(0.042 0.024 0.001)
(0.043 0.024 0.001)
(0.044 0.024 0.001)
(0.045 0.024 0.001)
(0.046 0.024 0.001)
(0.047 0.024 0.001)
(0.048 0.024 0.001)
(0.049 0.024 0.001)
(0.05 0.024 0.001)
(0.051 0.024 0.001)
(0.052 0.024 0.001)
(0.053 0.024 0.001)
(0.054 0.024 0.001)
(0.055 0.024 0.001)
(0.056 0.024 0.001)
(0.057 0.024 0.001)
(0.058 0.024 0.001)
(0.059 0.024 0.001)
(0.06 0.024 0.001)
(0.061 0.024 0.001)
(0.062 0.024 0.001)
(0.063 0.024 0.001)
(0.064 0.024 0.001)
(0.065 0.024 0.001)
(0.066 0.024 0.001)
(0.067 0.024 0.001)
(0.068 0.024 0.001)
(0.069 0.024 0.001)
(0.07 0.024 0.001)
(0.071 0.024 0.001)
(0.072 0.024 0.001)
(0.073 0.024 0.001)
(0.074 0.024 0.001)
(0.075 0.024 0.001)
(0.076 0.024 0.001)
(0.077 0.024 0.001)
(0.078 0.024 0.001)
(0.079 0.024 0.001)
(0.08 0.024 0.001)
(0.081 0.024 0.001)
(0.082 0.024 0.001)
(0.083 0.024 0.001)
(0.084 0.024 0.001)
(0.085 0.024 0.001)
(0.086 0.024 0.001)
(0.087 0.024 0.001)
(0.088 0.024 0.001)
(0.089 0.024 0.001)
(0.09 0.024 0.001)
(0.091 0.024 0.001)
(0.092 0.024 0.001)
(0.093 0.024 0.001)
(0.094 0.024 0.001)
(0.095 0.024 0.001)
(0.096 0.024 0.001)
(0.097 0.024 0.001)
(0.098 0.024 0.001)
(0.099 0.024 0.001)
(0.1 0.024 0.001)
(0 0.025 0.001)
(0.001 0.025 0.001)
(0.002 0.025 0.001)
(0.003 0.025 0.001)
(0.004 0.025 0.001)
(0.005 0.025 0.001)
(0.006 0.025 0.001)
(0.007 0.025 0.001)
(0.008 0.025 0.001)
(0.009 0.025 0.001)
(0.01 0.025 0.001)
(0.011 0.025 0.001)
(0.012 0.025 0.001)
(0.013 0.025 0.001)
(0.014 0.025 0.001)
(0.015 0.025 0.001)
(0.016 0.025 0.001)
(0.017 0.025 0.001)
(0.018 0.025 0.001)
(0.019 0.025 0.001)
(0.02 0.025 0.001)
(0.021 0.025 0.001)
(0.022 0.025 0.001)
(0.023 0.025 0.001)
(0.024 0.025 0.001)
(0.025 0.025 0.001)
(0.026 0.025 0.001)
(0.027 0.025 0.001)
(0.028 0.025 0.001)
(0.029 0.025 0.001)
(0.03 0.025 0.001)
(0.031 0.025 0.001)
(0.032 0.025 0.001)
(0.033 0.025 0.001)
(0.034 0.025 0.001)
(0.035 0.025 0.001)
(0.036 0.025 0.001)
(0.037 0.025 0.001)
(0.038 0.025 0.001)
(0.039 0.025 0.001)
(0.04 0.025 0.001)
(0.041 0.025 0.001)
(0.042 0.025 0.001)
(0.043 0.025 0.001)
(0.044 0.025 0.001)
(0.045 0.025 0.001)
(0.046 0.025 0.001)
(0.047 0.025 0.001)
(0.048 0.025 0.001)
(0.049 0.025 0.001)
(0.05 0.025 0.001)
(0.051 0.025 0.001)
(0.052 0.025 0.001)
(0.053 0.025 0.001)
(0.054 0.025 0.001)
(0.055 0.025 0.001)
(0.056 0.025 0.001)
(0.057 0.025 0.001)
(0.058 0.025 0.001)
(0.059 0.025 0.001)
(0.06 0.025 0.001)
(0.061 0.025 0.001)
(0.062 0.025 0.001)
(0.063 0.025 0.001)
(0.064 0.025 0.001)
(0.065 0.025 0.001)
(0.066 0.025 0.001)
(0.067 0.025 0.001)
(0.068 0.025 0.001)
(0.069 0.025 0.001)
(0.07 0.025 0.001)
(0.071 0.025 0.001)
(0.072 0.025 0.001)
(0.073 0.025 0.001)
(0.074 0.025 0.001)
(0.075 0.025 0.001)
(0.076 0.025 0.001)
(0.077 0.025 0.001)
(0.078 0.025 0.001)
(0.079 0.025 0.001)
(0.08 0.025 0.001)
(0.081 0.025 0.001)
(0.082 0.025 0.001)
(0.083 0.025 0.001)
(0.084 0.025 0.001)
(0.085 0.025 0.001)
(0.086 0.025 0.001)
(0.087 0.025 0.001)
(0.088 0.025 0.001)
(0.089 0.025 0.001)
(0.09 0.025 0.001)
(0.091 0.025 0.001)
(0.092 0.025 0.001)
(0.093 0.025 0.001)
(0.094 0.025 0.001)
(0.095 0.025 0.001)
(0.096 0.025 0.001)
(0.097 0.025 0.001)
(0.098 0.025 0.001)
(0.099 0.025 0.001)
(0.1 0.025 0.001)
(0 0.026 0.001)
(0.001 0.026 0.001)
(0.002 0.026 0.001)
(0.003 0.026 0.001)
(0.004 0.026 0.001)
(0.005 0.026 0.001)
(0.006 0.026 0.001)
(0.007 0.026 0.001)
(0.008 0.026 0.001)
(0.009 0.026 0.001)
(0.01 0.026 0.001)
(0.011 0.026 0.001)
(0.012 0.026 0.001)
(0.013 0.026 0.001)
(0.014 0.026 0.001)
(0.015 0.026 0.001)
(0.016 0.026 0.001)
(0.017 0.026 0.001)
(0.018 0.026 0.001)
(0.019 0.026 0.001)
(0.02 0.026 0.001)
(0.021 0.026 0.001)
(0.022 0.026 0.001)
(0.023 0.026 0.001)
(0.024 0.026 0.001)
(0.025 0.026 0.001)
(0.026 0.026 0.001)
(0.027 0.026 0.001)
(0.028 0.026 0.001)
(0.029 0.026 0.001)
(0.03 0.026 0.001)
(0.031 0.026 0.001)
(0.032 0.026 0.001)
(0.033 0.026 0.001)
(0.034 0.026 0.001)
(0.035 0.026 0.001)
(0.036 0.026 0.001)
(0.037 0.026 0.001)
(0.038 0.026 0.001)
(0.039 0.026 0.001)
(0.04 0.026 0.001)
(0.041 0.026 0.001)
(0.042 0.026 0.001)
(0.043 0.026 0.001)
(0.044 0.026 0.001)
(0.045 0.026 0.001)
(0.046 0.026 0.001)
(0.047 0.026 0.001)
(0.048 0.026 0.001)
(0.049 0.026 0.001)
(0.05 0.026 0.001)
(0.051 0.026 0.001)
(0.052 0.026 0.001)
(0.053 0.026 0.001)
(0.054 0.026 0.001)
(0.055 0.026 0.001)
(0.056 0.026 0.001)
(0.057 0.026 0.001)
(0.058 0.026 0.001)
(0.059 0.026 0.001)
(0.06 0.026 0.001)
(0.061 0.026 0.001)
(0.062 0.026 0.001)
(0.063 0.026 0.001)
(0.064 0.026 0.001)
(0.065 0.026 0.001)
(0.066 0.026 0.001)
(0.067 0.026 0.001)
(0.068 0.026 0.001)
(0.069 0.026 0.001)
(0.07 0.026 0.001)
(0.071 0.026 0.001)
(0.072 0.026 0.001)
(0.073 0.026 0.001)
(0.074 0.026 0.001)
(0.075 0.026 0.001)
(0.076 0.026 0.001)
(0.077 0.026 0.001)
(0.078 0.026 0.001)
(0.079 0.026 0.001)
(0.08 0.026 0.001)
(0.081 0.026 0.001)
(0.082 0.026 0.001)
(0.083 0.026 0.001)
(0.084 0.026 0.001)
(0.085 0.026 0.001)
(0.086 0.026 0.001)
(0.087 0.026 0.001)
(0.088 0.026 0.001)
(0.089 0.026 0.001)
(0.09 0.026 0.001)
(0.091 0.026 0.001)
(0.092 0.026 0.001)
(0.093 0.026 0.001)
(0.094 0.026 0.001)
(0.095 0.026 0.001)
(0.096 0.026 0.001)
(0.097 0.026 0.001)
(0.098 0.026 0.001)
(0.099 0.026 0.001)
(0.1 0.026 0.001)
(0 0.027 0.001)
(0.001 0.027 0.001)
(0.002 0.027 0.001)
(0.003 0.027 0.001)
(0.004 0.027 0.001)
(0.005 0.027 0.001)
(0.006 0.027 0.001)
(0.007 0.027 0.001)
(0.008 0.027 0.001)
(0.009 0.027 0.001)
(0.01 0.027 0.001)
(0.011 0.027 0.001)
(0.012 0.027 0.001)
(0.013 0.027 0.001)
(0.014 0.027 0.001)
(0.015 0.027 0.001)
(0.016 0.027 0.001)
(0.017 0.027 0.001)
(0.018 0.027 0.001)
(0.019 0.027 0.001)
(0.02 0.027 0.001)
(0.021 0.027 0.001)
(0.022 0.027 0.001)
(0.023 0.027 0.001)
(0.024 0.027 0.001)
(0.025 0.027 0.001)
(0.026 0.027 0.001)
(0.027 0.027 0.001)
(0.028 0.027 0.001)
(0.029 0.027 0.001)
(0.03 0.027 0.001)
(0.031 0.027 0.001)
(0.032 0.027 0.001)
(0.033 0.027 0.001)
(0.034 0.027 0.001)
(0.035 0.027 0.001)
(0.036 0.027 0.001)
(0.037 0.027 0.001)
(0.038 0.027 0.001)
(0.039 0.027 0.001)
(0.04 0.027 0.001)
(0.041 0.027 0.001)
(0.042 0.027 0.001)
(0.043 0.027 0.001)
(0.044 0.027 0.001)
(0.045 0.027 0.001)
(0.046 0.027 0.001)
(0.047 0.027 0.001)
(0.048 0.027 0.001)
(0.049 0.027 0.001)
(0.05 0.027 0.001)
(0.051 0.027 0.001)
(0.052 0.027 0.001)
(0.053 0.027 0.001)
(0.054 0.027 0.001)
(0.055 0.027 0.001)
(0.056 0.027 0.001)
(0.057 0.027 0.001)
(0.058 0.027 0.001)
(0.059 0.027 0.001)
(0.06 0.027 0.001)
(0.061 0.027 0.001)
(0.062 0.027 0.001)
(0.063 0.027 0.001)
(0.064 0.027 0.001)
(0.065 0.027 0.001)
(0.066 0.027 0.001)
(0.067 0.027 0.001)
(0.068 0.027 0.001)
(0.069 0.027 0.001)
(0.07 0.027 0.001)
(0.071 0.027 0.001)
(0.072 0.027 0.001)
(0.073 0.027 0.001)
(0.074 0.027 0.001)
(0.075 0.027 0.001)
(0.076 0.027 0.001)
(0.077 0.027 0.001)
(0.078 0.027 0.001)
(0.079 0.027 0.001)
(0.08 0.027 0.001)
(0.081 0.027 0.001)
(0.082 0.027 0.001)
(0.083 0.027 0.001)
(0.084 0.027 0.001)
(0.085 0.027 0.001)
(0.086 0.027 0.001)
(0.087 0.027 0.001)
(0.088 0.027 0.001)
(0.089 0.027 0.001)
(0.09 0.027 0.001)
(0.091 0.027 0.001)
(0.092 0.027 0.001)
(0.093 0.027 0.001)
(0.094 0.027 0.001)
(0.095 0.027 0.001)
(0.096 0.027 0.001)
(0.097 0.027 0.001)
(0.098 0.027 0.001)
(0.099 0.027 0.001)
(0.1 0.027 0.001)
(0 0.028 0.001)
(0.001 0.028 0.001)
(0.002 0.028 0.001)
(0.003 0.028 0.001)
(0.004 0.028 0.001)
(0.005 0.028 0.001)
(0.006 0.028 0.001)
(0.007 0.028 0.001)
(0.008 0.028 0.001)
(0.009 0.028 0.001)
(0.01 0.028 0.001)
(0.011 0.028 0.001)
(0.012 0.028 0.001)
(0.013 0.028 0.001)
(0.014 0.028 0.001)
(0.015 0.028 0.001)
(0.016 0.028 0.001)
(0.017 0.028 0.001)
(0.018 0.028 0.001)
(0.019 0.028 0.001)
(0.02 0.028 0.001)
(0.021 0.028 0.001)
(0.022 0.028 0.001)
(0.023 0.028 0.001)
(0.024 0.028 0.001)
(0.025 0.028 0.001)
(0.026 0.028 0.001)
(0.027 0.028 0.001)
(0.028 0.028 0.001)
(0.029 0.028 0.001)
(0.03 0.028 0.001)
(0.031 0.028 0.001)
(0.032 0.028 0.001)
(0.033 0.028 0.001)
(0.034 0.028 0.001)
(0.035 0.028 0.001)
(0.036 0.028 0.001)
(0.037 0.028 0.001)
(0.038 0.028 0.001)
(0.039 0.028 0.001)
(0.04 0.028 0.001)
(0.041 0.028 0.001)
(0.042 0.028 0.001)
(0.043 0.028 0.001)
(0.044 0.028 0.001)
(0.045 0.028 0.001)
(0.046 0.028 0.001)
(0.047 0.028 0.001)
(0.048 0.028 0.001)
(0.049 0.028 0.001)
(0.05 0.028 0.001)
(0.051 0.028 0.001)
(0.052 0.028 0.001)
(0.053 0.028 0.001)
(0.054 0.028 0.001)
(0.055 0.028 0.001)
(0.056 0.028 0.001)
(0.057 0.028 0.001)
(0.058 0.028 0.001)
(0.059 0.028 0.001)
(0.06 0.028 0.001)
(0.061 0.028 0.001)
(0.062 0.028 0.001)
(0.063 0.028 0.001)
(0.064 0.028 0.001)
(0.065 0.028 0.001)
(0.066 0.028 0.001)
(0.067 0.028 0.001)
(0.068 0.028 0.001)
(0.069 0.028 0.001)
(0.07 0.028 0.001)
(0.071 0.028 0.001)
(0.072 0.028 0.001)
(0.073 0.028 0.001)
(0.074 0.028 0.001)
(0.075 0.028 0.001)
(0.076 0.028 0.001)
(0.077 0.028 0.001)
(0.078 0.028 0.001)
(0.079 0.028 0.001)
(0.08 0.028 0.001)
(0.081 0.028 0.001)
(0.082 0.028 0.001)
(0.083 0.028 0.001)
(0.084 0.028 0.001)
(0.085 0.028 0.001)
(0.086 0.028 0.001)
(0.087 0.028 0.001)
(0.088 0.028 0.001)
(0.089 0.028 0.001)
(0.09 0.028 0.001)
(0.091 0.028 0.001)
(0.092 0.028 0.001)
(0.093 0.028 0.001)
(0.094 0.028 0.001)
(0.095 0.028 0.001)
(0.096 0.028 0.001)
(0.097 0.028 0.001)
(0.098 0.028 0.001)
(0.099 0.028 0.001)
(0.1 0.028 0.001)
(0 0.029 0.001)
(0.001 0.029 0.001)
(0.002 0.029 0.001)
(0.003 0.029 0.001)
(0.004 0.029 0.001)
(0.005 0.029 0.001)
(0.006 0.029 0.001)
(0.007 0.029 0.001)
(0.008 0.029 0.001)
(0.009 0.029 0.001)
(0.01 0.029 0.001)
(0.011 0.029 0.001)
(0.012 0.029 0.001)
(0.013 0.029 0.001)
(0.014 0.029 0.001)
(0.015 0.029 0.001)
(0.016 0.029 0.001)
(0.017 0.029 0.001)
(0.018 0.029 0.001)
(0.019 0.029 0.001)
(0.02 0.029 0.001)
(0.021 0.029 0.001)
(0.022 0.029 0.001)
(0.023 0.029 0.001)
(0.024 0.029 0.001)
(0.025 0.029 0.001)
(0.026 0.029 0.001)
(0.027 0.029 0.001)
(0.028 0.029 0.001)
(0.029 0.029 0.001)
(0.03 0.029 0.001)
(0.031 0.029 0.001)
(0.032 0.029 0.001)
(0.033 0.029 0.001)
(0.034 0.029 0.001)
(0.035 0.029 0.001)
(0.036 0.029 0.001)
(0.037 0.029 0.001)
(0.038 0.029 0.001)
(0.039 0.029 0.001)
(0.04 0.029 0.001)
(0.041 0.029 0.001)
(0.042 0.029 0.001)
(0.043 0.029 0.001)
(0.044 0.029 0.001)
(0.045 0.029 0.001)
(0.046 0.029 0.001)
(0.047 0.029 0.001)
(0.048 0.029 0.001)
(0.049 0.029 0.001)
(0.05 0.029 0.001)
(0.051 0.029 0.001)
(0.052 0.029 0.001)
(0.053 0.029 0.001)
(0.054 0.029 0.001)
(0.055 0.029 0.001)
(0.056 0.029 0.001)
(0.057 0.029 0.001)
(0.058 0.029 0.001)
(0.059 0.029 0.001)
(0.06 0.029 0.001)
(0.061 0.029 0.001)
(0.062 0.029 0.001)
(0.063 0.029 0.001)
(0.064 0.029 0.001)
(0.065 0.029 0.001)
(0.066 0.029 0.001)
(0.067 0.029 0.001)
(0.068 0.029 0.001)
(0.069 0.029 0.001)
(0.07 0.029 0.001)
(0.071 0.029 0.001)
(0.072 0.029 0.001)
(0.073 0.029 0.001)
(0.074 0.029 0.001)
(0.075 0.029 0.001)
(0.076 0.029 0.001)
(0.077 0.029 0.001)
(0.078 0.029 0.001)
(0.079 0.029 0.001)
(0.08 0.029 0.001)
(0.081 0.029 0.001)
(0.082 0.029 0.001)
(0.083 0.029 0.001)
(0.084 0.029 0.001)
(0.085 0.029 0.001)
(0.086 0.029 0.001)
(0.087 0.029 0.001)
(0.088 0.029 0.001)
(0.089 0.029 0.001)
(0.09 0.029 0.001)
(0.091 0.029 0.001)
(0.092 0.029 0.001)
(0.093 0.029 0.001)
(0.094 0.029 0.001)
(0.095 0.029 0.001)
(0.096 0.029 0.001)
(0.097 0.029 0.001)
(0.098 0.029 0.001)
(0.099 0.029 0.001)
(0.1 0.029 0.001)
(0 0.03 0.001)
(0.001 0.03 0.001)
(0.002 0.03 0.001)
(0.003 0.03 0.001)
(0.004 0.03 0.001)
(0.005 0.03 0.001)
(0.006 0.03 0.001)
(0.007 0.03 0.001)
(0.008 0.03 0.001)
(0.009 0.03 0.001)
(0.01 0.03 0.001)
(0.011 0.03 0.001)
(0.012 0.03 0.001)
(0.013 0.03 0.001)
(0.014 0.03 0.001)
(0.015 0.03 0.001)
(0.016 0.03 0.001)
(0.017 0.03 0.001)
(0.018 0.03 0.001)
(0.019 0.03 0.001)
(0.02 0.03 0.001)
(0.021 0.03 0.001)
(0.022 0.03 0.001)
(0.023 0.03 0.001)
(0.024 0.03 0.001)
(0.025 0.03 0.001)
(0.026 0.03 0.001)
(0.027 0.03 0.001)
(0.028 0.03 0.001)
(0.029 0.03 0.001)
(0.03 0.03 0.001)
(0.031 0.03 0.001)
(0.032 0.03 0.001)
(0.033 0.03 0.001)
(0.034 0.03 0.001)
(0.035 0.03 0.001)
(0.036 0.03 0.001)
(0.037 0.03 0.001)
(0.038 0.03 0.001)
(0.039 0.03 0.001)
(0.04 0.03 0.001)
(0.041 0.03 0.001)
(0.042 0.03 0.001)
(0.043 0.03 0.001)
(0.044 0.03 0.001)
(0.045 0.03 0.001)
(0.046 0.03 0.001)
(0.047 0.03 0.001)
(0.048 0.03 0.001)
(0.049 0.03 0.001)
(0.05 0.03 0.001)
(0.051 0.03 0.001)
(0.052 0.03 0.001)
(0.053 0.03 0.001)
(0.054 0.03 0.001)
(0.055 0.03 0.001)
(0.056 0.03 0.001)
(0.057 0.03 0.001)
(0.058 0.03 0.001)
(0.059 0.03 0.001)
(0.06 0.03 0.001)
(0.061 0.03 0.001)
(0.062 0.03 0.001)
(0.063 0.03 0.001)
(0.064 0.03 0.001)
(0.065 0.03 0.001)
(0.066 0.03 0.001)
(0.067 0.03 0.001)
(0.068 0.03 0.001)
(0.069 0.03 0.001)
(0.07 0.03 0.001)
(0.071 0.03 0.001)
(0.072 0.03 0.001)
(0.073 0.03 0.001)
(0.074 0.03 0.001)
(0.075 0.03 0.001)
(0.076 0.03 0.001)
(0.077 0.03 0.001)
(0.078 0.03 0.001)
(0.079 0.03 0.001)
(0.08 0.03 0.001)
(0.081 0.03 0.001)
(0.082 0.03 0.001)
(0.083 0.03 0.001)
(0.084 0.03 0.001)
(0.085 0.03 0.001)
(0.086 0.03 0.001)
(0.087 0.03 0.001)
(0.088 0.03 0.001)
(0.089 0.03 0.001)
(0.09 0.03 0.001)
(0.091 0.03 0.001)
(0.092 0.03 0.001)
(0.093 0.03 0.001)
(0.094 0.03 0.001)
(0.095 0.03 0.001)
(0.096 0.03 0.001)
(0.097 0.03 0.001)
(0.098 0.03 0.001)
(0.099 0.03 0.001)
(0.1 0.03 0.001)
(0 0.031 0.001)
(0.001 0.031 0.001)
(0.002 0.031 0.001)
(0.003 0.031 0.001)
(0.004 0.031 0.001)
(0.005 0.031 0.001)
(0.006 0.031 0.001)
(0.007 0.031 0.001)
(0.008 0.031 0.001)
(0.009 0.031 0.001)
(0.01 0.031 0.001)
(0.011 0.031 0.001)
(0.012 0.031 0.001)
(0.013 0.031 0.001)
(0.014 0.031 0.001)
(0.015 0.031 0.001)
(0.016 0.031 0.001)
(0.017 0.031 0.001)
(0.018 0.031 0.001)
(0.019 0.031 0.001)
(0.02 0.031 0.001)
(0.021 0.031 0.001)
(0.022 0.031 0.001)
(0.023 0.031 0.001)
(0.024 0.031 0.001)
(0.025 0.031 0.001)
(0.026 0.031 0.001)
(0.027 0.031 0.001)
(0.028 0.031 0.001)
(0.029 0.031 0.001)
(0.03 0.031 0.001)
(0.031 0.031 0.001)
(0.032 0.031 0.001)
(0.033 0.031 0.001)
(0.034 0.031 0.001)
(0.035 0.031 0.001)
(0.036 0.031 0.001)
(0.037 0.031 0.001)
(0.038 0.031 0.001)
(0.039 0.031 0.001)
(0.04 0.031 0.001)
(0.041 0.031 0.001)
(0.042 0.031 0.001)
(0.043 0.031 0.001)
(0.044 0.031 0.001)
(0.045 0.031 0.001)
(0.046 0.031 0.001)
(0.047 0.031 0.001)
(0.048 0.031 0.001)
(0.049 0.031 0.001)
(0.05 0.031 0.001)
(0.051 0.031 0.001)
(0.052 0.031 0.001)
(0.053 0.031 0.001)
(0.054 0.031 0.001)
(0.055 0.031 0.001)
(0.056 0.031 0.001)
(0.057 0.031 0.001)
(0.058 0.031 0.001)
(0.059 0.031 0.001)
(0.06 0.031 0.001)
(0.061 0.031 0.001)
(0.062 0.031 0.001)
(0.063 0.031 0.001)
(0.064 0.031 0.001)
(0.065 0.031 0.001)
(0.066 0.031 0.001)
(0.067 0.031 0.001)
(0.068 0.031 0.001)
(0.069 0.031 0.001)
(0.07 0.031 0.001)
(0.071 0.031 0.001)
(0.072 0.031 0.001)
(0.073 0.031 0.001)
(0.074 0.031 0.001)
(0.075 0.031 0.001)
(0.076 0.031 0.001)
(0.077 0.031 0.001)
(0.078 0.031 0.001)
(0.079 0.031 0.001)
(0.08 0.031 0.001)
(0.081 0.031 0.001)
(0.082 0.031 0.001)
(0.083 0.031 0.001)
(0.084 0.031 0.001)
(0.085 0.031 0.001)
(0.086 0.031 0.001)
(0.087 0.031 0.001)
(0.088 0.031 0.001)
(0.089 0.031 0.001)
(0.09 0.031 0.001)
(0.091 0.031 0.001)
(0.092 0.031 0.001)
(0.093 0.031 0.001)
(0.094 0.031 0.001)
(0.095 0.031 0.001)
(0.096 0.031 0.001)
(0.097 0.031 0.001)
(0.098 0.031 0.001)
(0.099 0.031 0.001)
(0.1 0.031 0.001)
(0 0.032 0.001)
(0.001 0.032 0.001)
(0.002 0.032 0.001)
(0.003 0.032 0.001)
(0.004 0.032 0.001)
(0.005 0.032 0.001)
(0.006 0.032 0.001)
(0.007 0.032 0.001)
(0.008 0.032 0.001)
(0.009 0.032 0.001)
(0.01 0.032 0.001)
(0.011 0.032 0.001)
(0.012 0.032 0.001)
(0.013 0.032 0.001)
(0.014 0.032 0.001)
(0.015 0.032 0.001)
(0.016 0.032 0.001)
(0.017 0.032 0.001)
(0.018 0.032 0.001)
(0.019 0.032 0.001)
(0.02 0.032 0.001)
(0.021 0.032 0.001)
(0.022 0.032 0.001)
(0.023 0.032 0.001)
(0.024 0.032 0.001)
(0.025 0.032 0.001)
(0.026 0.032 0.001)
(0.027 0.032 0.001)
(0.028 0.032 0.001)
(0.029 0.032 0.001)
(0.03 0.032 0.001)
(0.031 0.032 0.001)
(0.032 0.032 0.001)
(0.033 0.032 0.001)
(0.034 0.032 0.001)
(0.035 0.032 0.001)
(0.036 0.032 0.001)
(0.037 0.032 0.001)
(0.038 0.032 0.001)
(0.039 0.032 0.001)
(0.04 0.032 0.001)
(0.041 0.032 0.001)
(0.042 0.032 0.001)
(0.043 0.032 0.001)
(0.044 0.032 0.001)
(0.045 0.032 0.001)
(0.046 0.032 0.001)
(0.047 0.032 0.001)
(0.048 0.032 0.001)
(0.049 0.032 0.001)
(0.05 0.032 0.001)
(0.051 0.032 0.001)
(0.052 0.032 0.001)
(0.053 0.032 0.001)
(0.054 0.032 0.001)
(0.055 0.032 0.001)
(0.056 0.032 0.001)
(0.057 0.032 0.001)
(0.058 0.032 0.001)
(0.059 0.032 0.001)
(0.06 0.032 0.001)
(0.061 0.032 0.001)
(0.062 0.032 0.001)
(0.063 0.032 0.001)
(0.064 0.032 0.001)
(0.065 0.032 0.001)
(0.066 0.032 0.001)
(0.067 0.032 0.001)
(0.068 0.032 0.001)
(0.069 0.032 0.001)
(0.07 0.032 0.001)
(0.071 0.032 0.001)
(0.072 0.032 0.001)
(0.073 0.032 0.001)
(0.074 0.032 0.001)
(0.075 0.032 0.001)
(0.076 0.032 0.001)
(0.077 0.032 0.001)
(0.078 0.032 0.001)
(0.079 0.032 0.001)
(0.08 0.032 0.001)
(0.081 0.032 0.001)
(0.082 0.032 0.001)
(0.083 0.032 0.001)
(0.084 0.032 0.001)
(0.085 0.032 0.001)
(0.086 0.032 0.001)
(0.087 0.032 0.001)
(0.088 0.032 0.001)
(0.089 0.032 0.001)
(0.09 0.032 0.001)
(0.091 0.032 0.001)
(0.092 0.032 0.001)
(0.093 0.032 0.001)
(0.094 0.032 0.001)
(0.095 0.032 0.001)
(0.096 0.032 0.001)
(0.097 0.032 0.001)
(0.098 0.032 0.001)
(0.099 0.032 0.001)
(0.1 0.032 0.001)
(0 0.033 0.001)
(0.001 0.033 0.001)
(0.002 0.033 0.001)
(0.003 0.033 0.001)
(0.004 0.033 0.001)
(0.005 0.033 0.001)
(0.006 0.033 0.001)
(0.007 0.033 0.001)
(0.008 0.033 0.001)
(0.009 0.033 0.001)
(0.01 0.033 0.001)
(0.011 0.033 0.001)
(0.012 0.033 0.001)
(0.013 0.033 0.001)
(0.014 0.033 0.001)
(0.015 0.033 0.001)
(0.016 0.033 0.001)
(0.017 0.033 0.001)
(0.018 0.033 0.001)
(0.019 0.033 0.001)
(0.02 0.033 0.001)
(0.021 0.033 0.001)
(0.022 0.033 0.001)
(0.023 0.033 0.001)
(0.024 0.033 0.001)
(0.025 0.033 0.001)
(0.026 0.033 0.001)
(0.027 0.033 0.001)
(0.028 0.033 0.001)
(0.029 0.033 0.001)
(0.03 0.033 0.001)
(0.031 0.033 0.001)
(0.032 0.033 0.001)
(0.033 0.033 0.001)
(0.034 0.033 0.001)
(0.035 0.033 0.001)
(0.036 0.033 0.001)
(0.037 0.033 0.001)
(0.038 0.033 0.001)
(0.039 0.033 0.001)
(0.04 0.033 0.001)
(0.041 0.033 0.001)
(0.042 0.033 0.001)
(0.043 0.033 0.001)
(0.044 0.033 0.001)
(0.045 0.033 0.001)
(0.046 0.033 0.001)
(0.047 0.033 0.001)
(0.048 0.033 0.001)
(0.049 0.033 0.001)
(0.05 0.033 0.001)
(0.051 0.033 0.001)
(0.052 0.033 0.001)
(0.053 0.033 0.001)
(0.054 0.033 0.001)
(0.055 0.033 0.001)
(0.056 0.033 0.001)
(0.057 0.033 0.001)
(0.058 0.033 0.001)
(0.059 0.033 0.001)
(0.06 0.033 0.001)
(0.061 0.033 0.001)
(0.062 0.033 0.001)
(0.063 0.033 0.001)
(0.064 0.033 0.001)
(0.065 0.033 0.001)
(0.066 0.033 0.001)
(0.067 0.033 0.001)
(0.068 0.033 0.001)
(0.069 0.033 0.001)
(0.07 0.033 0.001)
(0.071 0.033 0.001)
(0.072 0.033 0.001)
(0.073 0.033 0.001)
(0.074 0.033 0.001)
(0.075 0.033 0.001)
(0.076 0.033 0.001)
(0.077 0.033 0.001)
(0.078 0.033 0.001)
(0.079 0.033 0.001)
(0.08 0.033 0.001)
(0.081 0.033 0.001)
(0.082 0.033 0.001)
(0.083 0.033 0.001)
(0.084 0.033 0.001)
(0.085 0.033 0.001)
(0.086 0.033 0.001)
(0.087 0.033 0.001)
(0.088 0.033 0.001)
(0.089 0.033 0.001)
(0.09 0.033 0.001)
(0.091 0.033 0.001)
(0.092 0.033 0.001)
(0.093 0.033 0.001)
(0.094 0.033 0.001)
(0.095 0.033 0.001)
(0.096 0.033 0.001)
(0.097 0.033 0.001)
(0.098 0.033 0.001)
(0.099 0.033 0.001)
(0.1 0.033 0.001)
(0 0.034 0.001)
(0.001 0.034 0.001)
(0.002 0.034 0.001)
(0.003 0.034 0.001)
(0.004 0.034 0.001)
(0.005 0.034 0.001)
(0.006 0.034 0.001)
(0.007 0.034 0.001)
(0.008 0.034 0.001)
(0.009 0.034 0.001)
(0.01 0.034 0.001)
(0.011 0.034 0.001)
(0.012 0.034 0.001)
(0.013 0.034 0.001)
(0.014 0.034 0.001)
(0.015 0.034 0.001)
(0.016 0.034 0.001)
(0.017 0.034 0.001)
(0.018 0.034 0.001)
(0.019 0.034 0.001)
(0.02 0.034 0.001)
(0.021 0.034 0.001)
(0.022 0.034 0.001)
(0.023 0.034 0.001)
(0.024 0.034 0.001)
(0.025 0.034 0.001)
(0.026 0.034 0.001)
(0.027 0.034 0.001)
(0.028 0.034 0.001)
(0.029 0.034 0.001)
(0.03 0.034 0.001)
(0.031 0.034 0.001)
(0.032 0.034 0.001)
(0.033 0.034 0.001)
(0.034 0.034 0.001)
(0.035 0.034 0.001)
(0.036 0.034 0.001)
(0.037 0.034 0.001)
(0.038 0.034 0.001)
(0.039 0.034 0.001)
(0.04 0.034 0.001)
(0.041 0.034 0.001)
(0.042 0.034 0.001)
(0.043 0.034 0.001)
(0.044 0.034 0.001)
(0.045 0.034 0.001)
(0.046 0.034 0.001)
(0.047 0.034 0.001)
(0.048 0.034 0.001)
(0.049 0.034 0.001)
(0.05 0.034 0.001)
(0.051 0.034 0.001)
(0.052 0.034 0.001)
(0.053 0.034 0.001)
(0.054 0.034 0.001)
(0.055 0.034 0.001)
(0.056 0.034 0.001)
(0.057 0.034 0.001)
(0.058 0.034 0.001)
(0.059 0.034 0.001)
(0.06 0.034 0.001)
(0.061 0.034 0.001)
(0.062 0.034 0.001)
(0.063 0.034 0.001)
(0.064 0.034 0.001)
(0.065 0.034 0.001)
(0.066 0.034 0.001)
(0.067 0.034 0.001)
(0.068 0.034 0.001)
(0.069 0.034 0.001)
(0.07 0.034 0.001)
(0.071 0.034 0.001)
(0.072 0.034 0.001)
(0.073 0.034 0.001)
(0.074 0.034 0.001)
(0.075 0.034 0.001)
(0.076 0.034 0.001)
(0.077 0.034 0.001)
(0.078 0.034 0.001)
(0.079 0.034 0.001)
(0.08 0.034 0.001)
(0.081 0.034 0.001)
(0.082 0.034 0.001)
(0.083 0.034 0.001)
(0.084 0.034 0.001)
(0.085 0.034 0.001)
(0.086 0.034 0.001)
(0.087 0.034 0.001)
(0.088 0.034 0.001)
(0.089 0.034 0.001)
(0.09 0.034 0.001)
(0.091 0.034 0.001)
(0.092 0.034 0.001)
(0.093 0.034 0.001)
(0.094 0.034 0.001)
(0.095 0.034 0.001)
(0.096 0.034 0.001)
(0.097 0.034 0.001)
(0.098 0.034 0.001)
(0.099 0.034 0.001)
(0.1 0.034 0.001)
(0 0.035 0.001)
(0.001 0.035 0.001)
(0.002 0.035 0.001)
(0.003 0.035 0.001)
(0.004 0.035 0.001)
(0.005 0.035 0.001)
(0.006 0.035 0.001)
(0.007 0.035 0.001)
(0.008 0.035 0.001)
(0.009 0.035 0.001)
(0.01 0.035 0.001)
(0.011 0.035 0.001)
(0.012 0.035 0.001)
(0.013 0.035 0.001)
(0.014 0.035 0.001)
(0.015 0.035 0.001)
(0.016 0.035 0.001)
(0.017 0.035 0.001)
(0.018 0.035 0.001)
(0.019 0.035 0.001)
(0.02 0.035 0.001)
(0.021 0.035 0.001)
(0.022 0.035 0.001)
(0.023 0.035 0.001)
(0.024 0.035 0.001)
(0.025 0.035 0.001)
(0.026 0.035 0.001)
(0.027 0.035 0.001)
(0.028 0.035 0.001)
(0.029 0.035 0.001)
(0.03 0.035 0.001)
(0.031 0.035 0.001)
(0.032 0.035 0.001)
(0.033 0.035 0.001)
(0.034 0.035 0.001)
(0.035 0.035 0.001)
(0.036 0.035 0.001)
(0.037 0.035 0.001)
(0.038 0.035 0.001)
(0.039 0.035 0.001)
(0.04 0.035 0.001)
(0.041 0.035 0.001)
(0.042 0.035 0.001)
(0.043 0.035 0.001)
(0.044 0.035 0.001)
(0.045 0.035 0.001)
(0.046 0.035 0.001)
(0.047 0.035 0.001)
(0.048 0.035 0.001)
(0.049 0.035 0.001)
(0.05 0.035 0.001)
(0.051 0.035 0.001)
(0.052 0.035 0.001)
(0.053 0.035 0.001)
(0.054 0.035 0.001)
(0.055 0.035 0.001)
(0.056 0.035 0.001)
(0.057 0.035 0.001)
(0.058 0.035 0.001)
(0.059 0.035 0.001)
(0.06 0.035 0.001)
(0.061 0.035 0.001)
(0.062 0.035 0.001)
(0.063 0.035 0.001)
(0.064 0.035 0.001)
(0.065 0.035 0.001)
(0.066 0.035 0.001)
(0.067 0.035 0.001)
(0.068 0.035 0.001)
(0.069 0.035 0.001)
(0.07 0.035 0.001)
(0.071 0.035 0.001)
(0.072 0.035 0.001)
(0.073 0.035 0.001)
(0.074 0.035 0.001)
(0.075 0.035 0.001)
(0.076 0.035 0.001)
(0.077 0.035 0.001)
(0.078 0.035 0.001)
(0.079 0.035 0.001)
(0.08 0.035 0.001)
(0.081 0.035 0.001)
(0.082 0.035 0.001)
(0.083 0.035 0.001)
(0.084 0.035 0.001)
(0.085 0.035 0.001)
(0.086 0.035 0.001)
(0.087 0.035 0.001)
(0.088 0.035 0.001)
(0.089 0.035 0.001)
(0.09 0.035 0.001)
(0.091 0.035 0.001)
(0.092 0.035 0.001)
(0.093 0.035 0.001)
(0.094 0.035 0.001)
(0.095 0.035 0.001)
(0.096 0.035 0.001)
(0.097 0.035 0.001)
(0.098 0.035 0.001)
(0.099 0.035 0.001)
(0.1 0.035 0.001)
(0 0.036 0.001)
(0.001 0.036 0.001)
(0.002 0.036 0.001)
(0.003 0.036 0.001)
(0.004 0.036 0.001)
(0.005 0.036 0.001)
(0.006 0.036 0.001)
(0.007 0.036 0.001)
(0.008 0.036 0.001)
(0.009 0.036 0.001)
(0.01 0.036 0.001)
(0.011 0.036 0.001)
(0.012 0.036 0.001)
(0.013 0.036 0.001)
(0.014 0.036 0.001)
(0.015 0.036 0.001)
(0.016 0.036 0.001)
(0.017 0.036 0.001)
(0.018 0.036 0.001)
(0.019 0.036 0.001)
(0.02 0.036 0.001)
(0.021 0.036 0.001)
(0.022 0.036 0.001)
(0.023 0.036 0.001)
(0.024 0.036 0.001)
(0.025 0.036 0.001)
(0.026 0.036 0.001)
(0.027 0.036 0.001)
(0.028 0.036 0.001)
(0.029 0.036 0.001)
(0.03 0.036 0.001)
(0.031 0.036 0.001)
(0.032 0.036 0.001)
(0.033 0.036 0.001)
(0.034 0.036 0.001)
(0.035 0.036 0.001)
(0.036 0.036 0.001)
(0.037 0.036 0.001)
(0.038 0.036 0.001)
(0.039 0.036 0.001)
(0.04 0.036 0.001)
(0.041 0.036 0.001)
(0.042 0.036 0.001)
(0.043 0.036 0.001)
(0.044 0.036 0.001)
(0.045 0.036 0.001)
(0.046 0.036 0.001)
(0.047 0.036 0.001)
(0.048 0.036 0.001)
(0.049 0.036 0.001)
(0.05 0.036 0.001)
(0.051 0.036 0.001)
(0.052 0.036 0.001)
(0.053 0.036 0.001)
(0.054 0.036 0.001)
(0.055 0.036 0.001)
(0.056 0.036 0.001)
(0.057 0.036 0.001)
(0.058 0.036 0.001)
(0.059 0.036 0.001)
(0.06 0.036 0.001)
(0.061 0.036 0.001)
(0.062 0.036 0.001)
(0.063 0.036 0.001)
(0.064 0.036 0.001)
(0.065 0.036 0.001)
(0.066 0.036 0.001)
(0.067 0.036 0.001)
(0.068 0.036 0.001)
(0.069 0.036 0.001)
(0.07 0.036 0.001)
(0.071 0.036 0.001)
(0.072 0.036 0.001)
(0.073 0.036 0.001)
(0.074 0.036 0.001)
(0.075 0.036 0.001)
(0.076 0.036 0.001)
(0.077 0.036 0.001)
(0.078 0.036 0.001)
(0.079 0.036 0.001)
(0.08 0.036 0.001)
(0.081 0.036 0.001)
(0.082 0.036 0.001)
(0.083 0.036 0.001)
(0.084 0.036 0.001)
(0.085 0.036 0.001)
(0.086 0.036 0.001)
(0.087 0.036 0.001)
(0.088 0.036 0.001)
(0.089 0.036 0.001)
(0.09 0.036 0.001)
(0.091 0.036 0.001)
(0.092 0.036 0.001)
(0.093 0.036 0.001)
(0.094 0.036 0.001)
(0.095 0.036 0.001)
(0.096 0.036 0.001)
(0.097 0.036 0.001)
(0.098 0.036 0.001)
(0.099 0.036 0.001)
(0.1 0.036 0.001)
(0 0.037 0.001)
(0.001 0.037 0.001)
(0.002 0.037 0.001)
(0.003 0.037 0.001)
(0.004 0.037 0.001)
(0.005 0.037 0.001)
(0.006 0.037 0.001)
(0.007 0.037 0.001)
(0.008 0.037 0.001)
(0.009 0.037 0.001)
(0.01 0.037 0.001)
(0.011 0.037 0.001)
(0.012 0.037 0.001)
(0.013 0.037 0.001)
(0.014 0.037 0.001)
(0.015 0.037 0.001)
(0.016 0.037 0.001)
(0.017 0.037 0.001)
(0.018 0.037 0.001)
(0.019 0.037 0.001)
(0.02 0.037 0.001)
(0.021 0.037 0.001)
(0.022 0.037 0.001)
(0.023 0.037 0.001)
(0.024 0.037 0.001)
(0.025 0.037 0.001)
(0.026 0.037 0.001)
(0.027 0.037 0.001)
(0.028 0.037 0.001)
(0.029 0.037 0.001)
(0.03 0.037 0.001)
(0.031 0.037 0.001)
(0.032 0.037 0.001)
(0.033 0.037 0.001)
(0.034 0.037 0.001)
(0.035 0.037 0.001)
(0.036 0.037 0.001)
(0.037 0.037 0.001)
(0.038 0.037 0.001)
(0.039 0.037 0.001)
(0.04 0.037 0.001)
(0.041 0.037 0.001)
(0.042 0.037 0.001)
(0.043 0.037 0.001)
(0.044 0.037 0.001)
(0.045 0.037 0.001)
(0.046 0.037 0.001)
(0.047 0.037 0.001)
(0.048 0.037 0.001)
(0.049 0.037 0.001)
(0.05 0.037 0.001)
(0.051 0.037 0.001)
(0.052 0.037 0.001)
(0.053 0.037 0.001)
(0.054 0.037 0.001)
(0.055 0.037 0.001)
(0.056 0.037 0.001)
(0.057 0.037 0.001)
(0.058 0.037 0.001)
(0.059 0.037 0.001)
(0.06 0.037 0.001)
(0.061 0.037 0.001)
(0.062 0.037 0.001)
(0.063 0.037 0.001)
(0.064 0.037 0.001)
(0.065 0.037 0.001)
(0.066 0.037 0.001)
(0.067 0.037 0.001)
(0.068 0.037 0.001)
(0.069 0.037 0.001)
(0.07 0.037 0.001)
(0.071 0.037 0.001)
(0.072 0.037 0.001)
(0.073 0.037 0.001)
(0.074 0.037 0.001)
(0.075 0.037 0.001)
(0.076 0.037 0.001)
(0.077 0.037 0.001)
(0.078 0.037 0.001)
(0.079 0.037 0.001)
(0.08 0.037 0.001)
(0.081 0.037 0.001)
(0.082 0.037 0.001)
(0.083 0.037 0.001)
(0.084 0.037 0.001)
(0.085 0.037 0.001)
(0.086 0.037 0.001)
(0.087 0.037 0.001)
(0.088 0.037 0.001)
(0.089 0.037 0.001)
(0.09 0.037 0.001)
(0.091 0.037 0.001)
(0.092 0.037 0.001)
(0.093 0.037 0.001)
(0.094 0.037 0.001)
(0.095 0.037 0.001)
(0.096 0.037 0.001)
(0.097 0.037 0.001)
(0.098 0.037 0.001)
(0.099 0.037 0.001)
(0.1 0.037 0.001)
(0 0.038 0.001)
(0.001 0.038 0.001)
(0.002 0.038 0.001)
(0.003 0.038 0.001)
(0.004 0.038 0.001)
(0.005 0.038 0.001)
(0.006 0.038 0.001)
(0.007 0.038 0.001)
(0.008 0.038 0.001)
(0.009 0.038 0.001)
(0.01 0.038 0.001)
(0.011 0.038 0.001)
(0.012 0.038 0.001)
(0.013 0.038 0.001)
(0.014 0.038 0.001)
(0.015 0.038 0.001)
(0.016 0.038 0.001)
(0.017 0.038 0.001)
(0.018 0.038 0.001)
(0.019 0.038 0.001)
(0.02 0.038 0.001)
(0.021 0.038 0.001)
(0.022 0.038 0.001)
(0.023 0.038 0.001)
(0.024 0.038 0.001)
(0.025 0.038 0.001)
(0.026 0.038 0.001)
(0.027 0.038 0.001)
(0.028 0.038 0.001)
(0.029 0.038 0.001)
(0.03 0.038 0.001)
(0.031 0.038 0.001)
(0.032 0.038 0.001)
(0.033 0.038 0.001)
(0.034 0.038 0.001)
(0.035 0.038 0.001)
(0.036 0.038 0.001)
(0.037 0.038 0.001)
(0.038 0.038 0.001)
(0.039 0.038 0.001)
(0.04 0.038 0.001)
(0.041 0.038 0.001)
(0.042 0.038 0.001)
(0.043 0.038 0.001)
(0.044 0.038 0.001)
(0.045 0.038 0.001)
(0.046 0.038 0.001)
(0.047 0.038 0.001)
(0.048 0.038 0.001)
(0.049 0.038 0.001)
(0.05 0.038 0.001)
(0.051 0.038 0.001)
(0.052 0.038 0.001)
(0.053 0.038 0.001)
(0.054 0.038 0.001)
(0.055 0.038 0.001)
(0.056 0.038 0.001)
(0.057 0.038 0.001)
(0.058 0.038 0.001)
(0.059 0.038 0.001)
(0.06 0.038 0.001)
(0.061 0.038 0.001)
(0.062 0.038 0.001)
(0.063 0.038 0.001)
(0.064 0.038 0.001)
(0.065 0.038 0.001)
(0.066 0.038 0.001)
(0.067 0.038 0.001)
(0.068 0.038 0.001)
(0.069 0.038 0.001)
(0.07 0.038 0.001)
(0.071 0.038 0.001)
(0.072 0.038 0.001)
(0.073 0.038 0.001)
(0.074 0.038 0.001)
(0.075 0.038 0.001)
(0.076 0.038 0.001)
(0.077 0.038 0.001)
(0.078 0.038 0.001)
(0.079 0.038 0.001)
(0.08 0.038 0.001)
(0.081 0.038 0.001)
(0.082 0.038 0.001)
(0.083 0.038 0.001)
(0.084 0.038 0.001)
(0.085 0.038 0.001)
(0.086 0.038 0.001)
(0.087 0.038 0.001)
(0.088 0.038 0.001)
(0.089 0.038 0.001)
(0.09 0.038 0.001)
(0.091 0.038 0.001)
(0.092 0.038 0.001)
(0.093 0.038 0.001)
(0.094 0.038 0.001)
(0.095 0.038 0.001)
(0.096 0.038 0.001)
(0.097 0.038 0.001)
(0.098 0.038 0.001)
(0.099 0.038 0.001)
(0.1 0.038 0.001)
(0 0.039 0.001)
(0.001 0.039 0.001)
(0.002 0.039 0.001)
(0.003 0.039 0.001)
(0.004 0.039 0.001)
(0.005 0.039 0.001)
(0.006 0.039 0.001)
(0.007 0.039 0.001)
(0.008 0.039 0.001)
(0.009 0.039 0.001)
(0.01 0.039 0.001)
(0.011 0.039 0.001)
(0.012 0.039 0.001)
(0.013 0.039 0.001)
(0.014 0.039 0.001)
(0.015 0.039 0.001)
(0.016 0.039 0.001)
(0.017 0.039 0.001)
(0.018 0.039 0.001)
(0.019 0.039 0.001)
(0.02 0.039 0.001)
(0.021 0.039 0.001)
(0.022 0.039 0.001)
(0.023 0.039 0.001)
(0.024 0.039 0.001)
(0.025 0.039 0.001)
(0.026 0.039 0.001)
(0.027 0.039 0.001)
(0.028 0.039 0.001)
(0.029 0.039 0.001)
(0.03 0.039 0.001)
(0.031 0.039 0.001)
(0.032 0.039 0.001)
(0.033 0.039 0.001)
(0.034 0.039 0.001)
(0.035 0.039 0.001)
(0.036 0.039 0.001)
(0.037 0.039 0.001)
(0.038 0.039 0.001)
(0.039 0.039 0.001)
(0.04 0.039 0.001)
(0.041 0.039 0.001)
(0.042 0.039 0.001)
(0.043 0.039 0.001)
(0.044 0.039 0.001)
(0.045 0.039 0.001)
(0.046 0.039 0.001)
(0.047 0.039 0.001)
(0.048 0.039 0.001)
(0.049 0.039 0.001)
(0.05 0.039 0.001)
(0.051 0.039 0.001)
(0.052 0.039 0.001)
(0.053 0.039 0.001)
(0.054 0.039 0.001)
(0.055 0.039 0.001)
(0.056 0.039 0.001)
(0.057 0.039 0.001)
(0.058 0.039 0.001)
(0.059 0.039 0.001)
(0.06 0.039 0.001)
(0.061 0.039 0.001)
(0.062 0.039 0.001)
(0.063 0.039 0.001)
(0.064 0.039 0.001)
(0.065 0.039 0.001)
(0.066 0.039 0.001)
(0.067 0.039 0.001)
(0.068 0.039 0.001)
(0.069 0.039 0.001)
(0.07 0.039 0.001)
(0.071 0.039 0.001)
(0.072 0.039 0.001)
(0.073 0.039 0.001)
(0.074 0.039 0.001)
(0.075 0.039 0.001)
(0.076 0.039 0.001)
(0.077 0.039 0.001)
(0.078 0.039 0.001)
(0.079 0.039 0.001)
(0.08 0.039 0.001)
(0.081 0.039 0.001)
(0.082 0.039 0.001)
(0.083 0.039 0.001)
(0.084 0.039 0.001)
(0.085 0.039 0.001)
(0.086 0.039 0.001)
(0.087 0.039 0.001)
(0.088 0.039 0.001)
(0.089 0.039 0.001)
(0.09 0.039 0.001)
(0.091 0.039 0.001)
(0.092 0.039 0.001)
(0.093 0.039 0.001)
(0.094 0.039 0.001)
(0.095 0.039 0.001)
(0.096 0.039 0.001)
(0.097 0.039 0.001)
(0.098 0.039 0.001)
(0.099 0.039 0.001)
(0.1 0.039 0.001)
(0 0.04 0.001)
(0.001 0.04 0.001)
(0.002 0.04 0.001)
(0.003 0.04 0.001)
(0.004 0.04 0.001)
(0.005 0.04 0.001)
(0.006 0.04 0.001)
(0.007 0.04 0.001)
(0.008 0.04 0.001)
(0.009 0.04 0.001)
(0.01 0.04 0.001)
(0.011 0.04 0.001)
(0.012 0.04 0.001)
(0.013 0.04 0.001)
(0.014 0.04 0.001)
(0.015 0.04 0.001)
(0.016 0.04 0.001)
(0.017 0.04 0.001)
(0.018 0.04 0.001)
(0.019 0.04 0.001)
(0.02 0.04 0.001)
(0.021 0.04 0.001)
(0.022 0.04 0.001)
(0.023 0.04 0.001)
(0.024 0.04 0.001)
(0.025 0.04 0.001)
(0.026 0.04 0.001)
(0.027 0.04 0.001)
(0.028 0.04 0.001)
(0.029 0.04 0.001)
(0.03 0.04 0.001)
(0.031 0.04 0.001)
(0.032 0.04 0.001)
(0.033 0.04 0.001)
(0.034 0.04 0.001)
(0.035 0.04 0.001)
(0.036 0.04 0.001)
(0.037 0.04 0.001)
(0.038 0.04 0.001)
(0.039 0.04 0.001)
(0.04 0.04 0.001)
(0.041 0.04 0.001)
(0.042 0.04 0.001)
(0.043 0.04 0.001)
(0.044 0.04 0.001)
(0.045 0.04 0.001)
(0.046 0.04 0.001)
(0.047 0.04 0.001)
(0.048 0.04 0.001)
(0.049 0.04 0.001)
(0.05 0.04 0.001)
(0.051 0.04 0.001)
(0.052 0.04 0.001)
(0.053 0.04 0.001)
(0.054 0.04 0.001)
(0.055 0.04 0.001)
(0.056 0.04 0.001)
(0.057 0.04 0.001)
(0.058 0.04 0.001)
(0.059 0.04 0.001)
(0.06 0.04 0.001)
(0.061 0.04 0.001)
(0.062 0.04 0.001)
(0.063 0.04 0.001)
(0.064 0.04 0.001)
(0.065 0.04 0.001)
(0.066 0.04 0.001)
(0.067 0.04 0.001)
(0.068 0.04 0.001)
(0.069 0.04 0.001)
(0.07 0.04 0.001)
(0.071 0.04 0.001)
(0.072 0.04 0.001)
(0.073 0.04 0.001)
(0.074 0.04 0.001)
(0.075 0.04 0.001)
(0.076 0.04 0.001)
(0.077 0.04 0.001)
(0.078 0.04 0.001)
(0.079 0.04 0.001)
(0.08 0.04 0.001)
(0.081 0.04 0.001)
(0.082 0.04 0.001)
(0.083 0.04 0.001)
(0.084 0.04 0.001)
(0.085 0.04 0.001)
(0.086 0.04 0.001)
(0.087 0.04 0.001)
(0.088 0.04 0.001)
(0.089 0.04 0.001)
(0.09 0.04 0.001)
(0.091 0.04 0.001)
(0.092 0.04 0.001)
(0.093 0.04 0.001)
(0.094 0.04 0.001)
(0.095 0.04 0.001)
(0.096 0.04 0.001)
(0.097 0.04 0.001)
(0.098 0.04 0.001)
(0.099 0.04 0.001)
(0.1 0.04 0.001)
)


// ************************************************************************* //
